"","ID","Crash","CrashCost","DriverAge","LevelEducation","YearsJob","Income","SexofDriver","TypeofJob","TimeCommute","PointsonRecord","LicenseRevoked","ValueofHome","MaritalStatus","SingleParent","NumberKidsHome","NumberKidsDrive","UrbanorRural","AgeofCar","TypeofCar","TypeCarUse","BlueBookValue","RedCar","TimeasCustomer","NumberClaims5yr","Total5YrPayout","NotWorking","NewCar","GoodDriver","OwnHome"
"1",2030,0,0,51,"Bachelors",NA,54139,"F","Manager",38,3,"No",197100,"Yes","No",0,0,"Highly Urban/ Urban",14,"Minivan","Private",12010,"no",4,0,0,NA,"NOTNEWCAR","NOTGOODDRIVER","OWN"
"2",9464,1,3844,41,"High School",13,65885,"F","Blue Collar",32,0,"No",0,"No","Yes",2,1,"Highly Urban/ Urban",NA,"SUV","Commercial",13660,"no",1,4,4394,"WORKING",NA,"GOODDRIVER","RENT"
"3",2786,0,0,36,"High School",9,32537,"F","Blue Collar",37,0,"No",173072,"Yes","No",0,0,"Highly Urban/ Urban",6,"SUV","Commercial",8990,"no",6,0,0,"WORKING","NOTNEWCAR","GOODDRIVER","OWN"
"4",6403,1,1125,55,"Bachelors",10,54877,"M","Clerical",37,0,"Yes",0,"No","No",0,0,"Highly Urban/ Urban",8,"Panel Truck","Commercial",42170,"yes",6,0,0,"WORKING","NOTNEWCAR","GOODDRIVER","RENT"
"5",2492,1,1499.1775176,37,"High School",13,NA,"F","Clerical",36,0,"Yes",143167,"Yes","No",0,0,"Highly Urban/ Urban",1,"SUV","Private",7550,"no",6,0,0,"WORKING","NEWCAR","GOODDRIVER","OWN"
"6",4615,0,0,49,"PhD",15,94464,"M",NA,47,0,"No",313932,"Yes","No",0,0,"Highly Urban/ Urban",15,"Van","Commercial",22300,"no",1,3,7016,"WORKING","NOTNEWCAR","GOODDRIVER","OWN"
"7",4869,0,0,30,"Masters",12,NA,"M","Manager",40,4,"No",0,"No","Yes",1,0,"Highly Urban/ Urban",19,"Van","Private",19340,"yes",4,3,1474,"WORKING","NOTNEWCAR","NOTGOODDRIVER","RENT"
"8",9087,0,0,51,"Bachelors",14,81743,"M","Blue Collar",37,5,"No",0,"No","No",0,0,"Highly Urban/ Urban",10,"Minivan","Commercial",14770,"yes",6,3,30760,"WORKING","NOTNEWCAR","NOTGOODDRIVER","RENT"
"9",7801,0,0,44,"High School",12,31526,"F","Clerical",27,0,"No",139414,"Yes","No",0,0,"Highly Rural/ Rural",1,"Sports Car","Private",10960,"no",6,0,0,"WORKING","NEWCAR","GOODDRIVER","OWN"
"10",5115,0,0,28,"High School",7,31745,"F","Blue Collar",20,4,"No",140248,"Yes","No",1,0,"Highly Urban/ Urban",1,"Minivan","Commercial",18170,"no",1,2,8380,"WORKING","NEWCAR","NOTGOODDRIVER","OWN"
"11",3692,0,0,37,"Masters",10,138854,"F","Professional",29,0,"No",410049,"Yes","No",0,0,"Highly Urban/ Urban",14,"Sports Car","Private",19090,"no",7,0,0,"WORKING","NOTNEWCAR","GOODDRIVER","OWN"
"12",8294,1,1132.6339053,48,"Bachelors",12,49551,"F","Professional",24,2,"No",218904,"Yes","No",0,0,"Highly Urban/ Urban",NA,"SUV","Private",6300,"no",1,1,6130,"WORKING",NA,"NOTGOODDRIVER","OWN"
"13",9775,0,0,46,"Masters",10,81941,"F","Lawyer",5,0,"No",277792,"No","No",0,0,"Highly Urban/ Urban",13,"Minivan","Private",14290,"no",1,0,0,"WORKING","NOTNEWCAR","GOODDRIVER","OWN"
"14",2814,0,0,39,"Masters",15,48741,"M",NA,31,1,"No",158683,"Yes","No",3,0,"Highly Urban/ Urban",21,"Panel Truck","Commercial",25460,"no",1,2,1814,"WORKING","NOTNEWCAR","NOTGOODDRIVER","OWN"
"15",6806,1,2518,32,"<High School",9,19063,"F","Clerical",32,6,"No",0,"No","Yes",2,0,"Highly Urban/ Urban",3,"Sports Car","Private",8190,"no",6,3,2892,"WORKING","NOTNEWCAR","NOTGOODDRIVER","RENT"
"16",5686,0,0,54,"Bachelors",13,92513,"M","Manager",13,0,"No",0,"No","No",0,0,"Highly Urban/ Urban",10,"Minivan","Private",22150,"no",3,0,0,"WORKING","NOTNEWCAR","GOODDRIVER","RENT"
"17",2817,1,5525,41,"<High School",11,21589,"F","Clerical",55,1,"No",134865,"No","No",0,0,"Highly Urban/ Urban",1,"Minivan","Private",25700,"no",4,0,0,"WORKING","NEWCAR","NOTGOODDRIVER","OWN"
"18",1868,0,0,26,"<High School",0,0,"F","Student",34,2,"No",0,"Yes","No",1,0,"Highly Urban/ Urban",7,"SUV","Private",4100,"no",1,3,5262,"NOTWORKING","NOTNEWCAR","NOTGOODDRIVER","RENT"
"19",8330,0,0,42,"PhD",10,137878,"M","Manager",30,0,"No",0,"No","Yes",2,1,"Highly Urban/ Urban",14,"Panel Truck","Commercial",33920,"yes",18,0,0,"WORKING","NOTNEWCAR","GOODDRIVER","RENT"
"20",4779,0,0,49,"Masters",1,34920,"M","Lawyer",23,0,"No",160162,"Yes","No",0,0,"Highly Urban/ Urban",9,"Minivan","Private",15750,"no",1,0,0,"WORKING","NOTNEWCAR","GOODDRIVER","OWN"
"21",8032,0,0,51,"Masters",8,112819,"M","Professional",33,1,"No",345297,"No","No",0,0,"Highly Urban/ Urban",20,"Minivan","Private",18660,"no",7,0,0,"WORKING","NOTNEWCAR","NOTGOODDRIVER","OWN"
"22",2213,0,0,32,"High School",0,0,"F","Student",44,7,"No",0,"Yes","No",1,0,"Highly Urban/ Urban",9,"SUV","Private",9830,"no",9,2,7644,"NOTWORKING","NOTNEWCAR","NOTGOODDRIVER","RENT"
"23",9415,0,0,42,"High School",9,17631,"F","Home Maker",35,0,"No",89248,"No","No",0,0,"Highly Rural/ Rural",1,"Sports Car","Private",9250,"no",4,2,6923,"WORKING","NEWCAR","GOODDRIVER","OWN"
"24",1808,0,0,35,"High School",5,28551,"F","Home Maker",45,3,"No",128411,"No","No",0,0,"Highly Urban/ Urban",1,"Sports Car","Private",7860,"no",4,1,4632,"WORKING","NEWCAR","NOTGOODDRIVER","OWN"
"25",674,0,0,52,"Masters",13,152004,"F","Lawyer",29,0,"No",406183,"Yes","No",0,0,"Highly Rural/ Rural",1,"SUV","Private",6700,"no",11,0,0,"WORKING","NEWCAR","GOODDRIVER","OWN"
"26",4963,0,0,37,"Masters",10,69874,"M","Professional",58,2,"No",212459,"No","No",0,0,"Highly Urban/ Urban",15,"Minivan","Private",13060,"no",13,0,0,"WORKING","NOTNEWCAR","NOTGOODDRIVER","OWN"
"27",5500,0,0,42,"Bachelors",11,74223,"M","Blue Collar",5,2,"Yes",0,"No","No",0,0,"Highly Urban/ Urban",10,"Minivan","Commercial",13120,"yes",1,2,35061,"WORKING","NOTNEWCAR","NOTGOODDRIVER","RENT"
"28",3397,0,0,54,"PhD",10,193786,"M","Manager",47,1,"No",478456,"No","No",0,0,"Highly Urban/ Urban",15,"Panel Truck","Commercial",46610,"yes",14,0,0,"WORKING","NOTNEWCAR","NOTGOODDRIVER","OWN"
"29",4954,1,6279.7357685,42,"Bachelors",10,42371,"F","Blue Collar",45,4,"No",0,"No","Yes",2,0,"Highly Urban/ Urban",12,"SUV","Commercial",5740,"no",4,1,6703,"WORKING","NOTNEWCAR","NOTGOODDRIVER","RENT"
"30",3981,0,0,36,"High School",11,25087,"M","Clerical",51,1,"No",172361,"Yes","No",0,0,"Highly Urban/ Urban",8,"Minivan","Private",13120,"no",1,0,0,"WORKING","NOTNEWCAR","NOTGOODDRIVER","OWN"
"31",1273,0,0,49,"High School",12,33303,"F","Student",33,3,"Yes",0,"Yes","No",0,0,"Highly Urban/ Urban",7,"Minivan","Commercial",21100,"no",13,0,0,"WORKING","NOTNEWCAR","NOTGOODDRIVER","RENT"
"32",10026,1,10453.355991,42,"High School",6,51695,"M","Professional",29,1,"No",0,"No","No",0,0,"Highly Urban/ Urban",1,"Van","Commercial",17630,"yes",10,0,0,"WORKING","NEWCAR","NOTGOODDRIVER","RENT"
"33",2298,0,0,39,"Bachelors",0,0,"F","Student",75,2,"No",0,"Yes","No",1,0,"Highly Urban/ Urban",7,"Minivan","Private",11290,"no",12,0,0,"NOTWORKING","NOTNEWCAR","NOTGOODDRIVER","RENT"
"34",4094,0,0,42,"Bachelors",13,7313,"F","Home Maker",25,0,"No",94969,"Yes","No",2,0,"Highly Urban/ Urban",9,"Sports Car","Private",7520,"no",1,1,1101,"WORKING","NOTNEWCAR","GOODDRIVER","OWN"
"35",6143,0,0,58,"PhD",12,195415,"F","Doctor",28,2,"No",NA,"Yes","No",0,0,"Highly Urban/ Urban",7,"Pickup","Private",26840,"no",1,0,0,"WORKING","NOTNEWCAR","NOTGOODDRIVER",NA
"36",534,0,0,49,"<High School",14,108748,"F","Blue Collar",32,1,"No",322394,"Yes","No",0,0,"Highly Urban/ Urban",7,"SUV","Private",21520,"no",1,0,0,"WORKING","NOTNEWCAR","NOTGOODDRIVER","OWN"
"37",4067,0,0,46,"Masters",14,103884,"M",NA,47,0,"No",305037,"No","No",0,0,"Highly Urban/ Urban",14,"Van","Commercial",16490,"yes",1,0,0,"WORKING","NOTNEWCAR","GOODDRIVER","OWN"
"38",5945,0,0,40,"Bachelors",10,NA,"M","Clerical",58,0,"No",115256,"Yes","No",2,1,"Highly Rural/ Rural",1,"Minivan","Private",13710,"yes",4,0,0,"WORKING","NEWCAR","GOODDRIVER","OWN"
"39",1332,0,0,46,"High School",7,130464,"F","Professional",37,4,"No",362541,"No","No",0,0,"Highly Urban/ Urban",1,"SUV","Private",24180,"no",11,2,11728,"WORKING","NEWCAR","NOTGOODDRIVER","OWN"
"40",1253,1,4895,45,"<High School",10,22860,"M","Blue Collar",32,1,"No",0,"No","No",0,0,"Highly Rural/ Rural",1,"Pickup","Commercial",11800,"no",1,2,3118,"WORKING","NEWCAR","NOTGOODDRIVER","RENT"
"41",1129,0,0,27,"<High School",0,0,"F","Student",39,7,"Yes",0,"Yes","No",1,0,"Highly Urban/ Urban",4,"Sports Car","Commercial",11330,"no",4,3,35165,"NOTWORKING","NOTNEWCAR","NOTGOODDRIVER","RENT"
"42",3279,0,0,55,"Bachelors",2,68204,"F","Blue Collar",23,1,"No",226828,"Yes","No",0,0,"Highly Rural/ Rural",NA,"Minivan","Commercial",13820,"no",4,0,0,"WORKING",NA,"NOTGOODDRIVER","OWN"
"43",4931,0,0,49,"High School",12,NA,"F","Blue Collar",31,0,"No",164155,"No","No",0,0,"Highly Urban/ Urban",1,"SUV","Commercial",11040,"no",10,0,0,"WORKING","NEWCAR","GOODDRIVER","OWN"
"44",7913,1,2313,56,"High School",17,97670,"M","Professional",34,0,"No",331977,"Yes","No",1,1,"Highly Urban/ Urban",8,"Panel Truck","Commercial",29700,"yes",10,2,7238,"WORKING","NOTNEWCAR","GOODDRIVER","OWN"
"45",3455,0,0,44,"<High School",16,58069,"M","Blue Collar",14,3,"No",190282,"Yes","No",4,0,"Highly Urban/ Urban",1,"Minivan","Private",5900,"yes",1,0,0,"WORKING","NEWCAR","NOTGOODDRIVER","OWN"
"46",9717,1,107586.13616,51,"Bachelors",NA,72354,"M","Professional",44,7,"No",213346,"Yes","No",0,0,"Highly Urban/ Urban",3,"Van","Commercial",18110,"yes",1,3,2060,NA,"NOTNEWCAR","NOTGOODDRIVER","OWN"
"47",3974,1,3127,48,"Bachelors",11,106668,"M","Professional",29,0,"No",247751,"Yes","No",0,0,"Highly Urban/ Urban",9,"Van","Private",16970,"no",8,0,0,"WORKING","NOTNEWCAR","GOODDRIVER","OWN"
"48",8009,0,0,55,"Bachelors",12,130162,"F","Blue Collar",17,1,"No",356853,"No","No",0,0,"Highly Rural/ Rural",7,"Sports Car","Commercial",28420,"no",3,0,0,"WORKING","NOTNEWCAR","NOTGOODDRIVER","OWN"
"49",234,0,0,51,"Masters",12,94328,"F","Lawyer",44,0,"No",327651,"Yes","No",1,0,"Highly Urban/ Urban",1,"Sports Car","Private",6900,"no",3,0,0,"WORKING","NEWCAR","GOODDRIVER","OWN"
"50",2860,0,0,44,"High School",10,27607,"F","Clerical",48,2,"No",0,"No","Yes",2,0,"Highly Rural/ Rural",6,"Minivan","Private",12750,"no",14,0,0,"WORKING","NOTNEWCAR","NOTGOODDRIVER","RENT"
"51",7779,0,0,41,"High School",NA,49094,"F","Blue Collar",28,0,"No",212215,"Yes","No",0,0,"Highly Urban/ Urban",1,"SUV","Commercial",10510,"no",10,1,7010,NA,"NEWCAR","GOODDRIVER","OWN"
"52",4117,0,0,60,"Bachelors",13,38395,"M","Professional",17,1,"Yes",0,"No","No",0,0,"Highly Urban/ Urban",13,"SUV","Private",12520,"yes",3,2,20667,"WORKING","NOTNEWCAR","NOTGOODDRIVER","RENT"
"53",7526,0,0,33,"High School",10,59473,"F","Clerical",23,4,"No",203200,"Yes","No",2,0,"Highly Urban/ Urban",9,"SUV","Private",10750,"no",1,2,5676,"WORKING","NOTNEWCAR","NOTGOODDRIVER","OWN"
"54",5690,1,5548,51,"High School",12,67452,"F","Blue Collar",58,4,"No",0,"No","No",0,0,"Highly Urban/ Urban",5,"Sports Car","Commercial",21600,"no",3,3,4075,"WORKING","NOTNEWCAR","NOTGOODDRIVER","RENT"
"55",189,0,0,80,"Bachelors",23,97716,"M","Professional",14,2,"No",389344,"Yes","No",2,0,"Highly Urban/ Urban",10,"Minivan","Private",15920,"yes",13,0,0,"WORKING","NOTNEWCAR","NOTGOODDRIVER","OWN"
"56",2380,0,0,51,"High School",0,0,"F","Home Maker",56,2,"No",56589,"Yes","No",0,0,"Highly Urban/ Urban",1,"Pickup","Commercial",19640,"no",1,1,6187,"NOTWORKING","NEWCAR","NOTGOODDRIVER","OWN"
"57",2633,0,0,34,"Bachelors",10,54853,"F","Student",44,2,"Yes",0,"Yes","No",1,0,"Highly Urban/ Urban",1,"SUV","Private",18480,"no",4,2,31830,"WORKING","NEWCAR","NOTGOODDRIVER","RENT"
"58",8404,0,0,42,"High School",15,21863,"M","Clerical",30,0,"Yes",131324,"Yes","No",1,0,"Highly Urban/ Urban",1,"Pickup","Private",7890,"yes",10,0,0,"WORKING","NEWCAR","GOODDRIVER","OWN"
"59",3890,0,0,40,"High School",0,0,"M","Student",27,1,"No",0,"Yes","No",0,0,"Highly Urban/ Urban",1,"Pickup","Private",8380,"yes",7,1,1343,"NOTWORKING","NEWCAR","NOTGOODDRIVER","RENT"
"60",1113,0,0,41,"High School",0,0,"F","Home Maker",27,0,"No",56089,"Yes","No",3,2,"Highly Rural/ Rural",1,"SUV","Private",16840,"no",1,0,0,"NOTWORKING","NEWCAR","GOODDRIVER","OWN"
"61",2524,0,0,45,"Bachelors",10,63457,"M","Professional",33,5,"No",209490,"Yes","No",0,0,"Highly Urban/ Urban",8,"Panel Truck","Commercial",28770,"no",1,2,4845,"WORKING","NOTNEWCAR","NOTGOODDRIVER","OWN"
"62",7036,0,0,45,"Bachelors",14,116415,"F","Professional",38,2,"No",335711,"Yes","No",3,2,"Highly Rural/ Rural",11,"Pickup","Commercial",20990,"no",1,0,0,"WORKING","NOTNEWCAR","NOTGOODDRIVER","OWN"
"63",8778,0,0,52,"Masters",11,87751,"F","Manager",19,2,"No",236742,"Yes","No",0,0,"Highly Urban/ Urban",17,"Minivan","Private",18760,"no",4,0,0,"WORKING","NOTNEWCAR","NOTGOODDRIVER","OWN"
"64",1621,0,0,57,"Masters",14,101399,"M","Lawyer",5,0,"No",0,"No","No",0,0,"Highly Urban/ Urban",14,"Minivan","Private",14350,"yes",1,3,6739,"WORKING","NOTNEWCAR","GOODDRIVER","RENT"
"65",4826,1,1704,53,"High School",9,47793,"F","Manager",29,0,"No",199133,"No","No",0,0,"Highly Urban/ Urban",8,"Sports Car","Private",24120,"no",11,0,0,"WORKING","NOTNEWCAR","GOODDRIVER","OWN"
"66",7276,0,0,47,"High School",0,0,"M","Student",29,1,"No",71452,"Yes","No",0,0,"Highly Rural/ Rural",5,"Van","Private",20430,"no",4,0,0,"NOTWORKING","NOTNEWCAR","NOTGOODDRIVER","OWN"
"67",1527,1,1043,43,"High School",0,0,"M","Student",27,6,"No",0,"Yes","No",1,0,"Highly Rural/ Rural",5,"Pickup","Commercial",7770,"no",1,1,32562,"NOTWORKING","NOTNEWCAR","NOTGOODDRIVER","RENT"
"68",6472,0,0,47,"Bachelors",0,NA,"F","Home Maker",8,0,"No",114664,"No","No",0,0,"Highly Urban/ Urban",11,"SUV","Private",8770,"no",4,0,0,"NOTWORKING","NOTNEWCAR","GOODDRIVER","OWN"
"69",3035,0,0,32,"<High School",0,0,"F","Student",31,0,"No",0,"No","Yes",3,0,"Highly Urban/ Urban",1,"SUV","Private",10740,"no",10,0,0,"NOTWORKING","NEWCAR","GOODDRIVER","RENT"
"70",997,0,0,36,"<High School",15,7585,"M","Student",5,7,"No",75925,"Yes","No",3,0,"Highly Urban/ Urban",1,"Minivan","Private",15500,"yes",1,2,6826,"WORKING","NEWCAR","NOTGOODDRIVER","OWN"
"71",1124,1,3755,30,"High School",0,0,"M","Student",21,0,"No",0,"Yes","No",1,0,"Highly Urban/ Urban",7,"Pickup","Private",4500,"no",1,1,754,"NOTWORKING","NOTNEWCAR","GOODDRIVER","RENT"
"72",4697,0,0,47,"Bachelors",11,8575,"M","Student",42,2,"No",0,"Yes","No",0,0,"Highly Urban/ Urban",NA,"Minivan","Private",10930,"no",6,0,0,"WORKING",NA,"NOTGOODDRIVER","RENT"
"73",6996,0,0,38,"High School",11,26263,"F","Clerical",41,1,"No",125375,"Yes","No",2,1,"Highly Urban/ Urban",9,"Sports Car","Private",5300,"no",4,0,0,"WORKING","NOTNEWCAR","NOTGOODDRIVER","OWN"
"74",349,0,0,33,"<High School",0,0,"M","Student",27,3,"No",0,"Yes","No",3,0,"Highly Urban/ Urban",1,"Pickup","Private",10160,"yes",6,1,8118,"NOTWORKING","NEWCAR","NOTGOODDRIVER","RENT"
"75",7210,0,0,48,"Bachelors",8,47288,"F","Manager",32,1,"No",191476,"Yes","No",0,0,"Highly Urban/ Urban",10,"SUV","Private",9820,"no",7,0,0,"WORKING","NOTNEWCAR","NOTGOODDRIVER","OWN"
"76",3163,1,22284.572607,33,"<High School",0,0,"F","Home Maker",19,2,"No",0,"No","Yes",3,0,"Highly Urban/ Urban",6,"Minivan","Private",15990,"no",1,0,0,"NOTWORKING","NOTNEWCAR","NOTGOODDRIVER","RENT"
"77",5607,0,0,28,"High School",8,28472,"M","Blue Collar",59,2,"No",0,"No","Yes",2,0,"Highly Rural/ Rural",9,"Minivan","Commercial",15920,"yes",3,0,0,"WORKING","NOTNEWCAR","NOTGOODDRIVER","RENT"
"78",2164,1,2855,38,"High School",10,26006,"M","Clerical",42,0,"No",0,"No","No",0,0,"Highly Urban/ Urban",8,"Pickup","Commercial",5300,"no",1,1,8342,"WORKING","NOTNEWCAR","GOODDRIVER","RENT"
"79",987,1,2553,41,"<High School",9,18939,"M","Blue Collar",50,1,"Yes",0,"No","No",0,0,"Highly Urban/ Urban",1,"Minivan","Private",5600,"no",1,3,41669,"WORKING","NEWCAR","NOTGOODDRIVER","RENT"
"80",2120,1,7135,46,"Bachelors",13,65075,"F","Professional",33,5,"No",0,"No","No",0,0,"Highly Urban/ Urban",11,"SUV","Private",12610,"no",1,3,5219,"WORKING","NOTNEWCAR","NOTGOODDRIVER","RENT"
"81",2899,0,0,52,"Bachelors",13,90250,"M","Manager",44,0,"No",313721,"No","No",0,0,"Highly Urban/ Urban",1,"Minivan","Private",15730,"no",1,0,0,"WORKING","NEWCAR","GOODDRIVER","OWN"
"82",8498,0,0,54,"Bachelors",12,10838,"F","Home Maker",37,0,"No",NA,"No","Yes",1,0,"Highly Rural/ Rural",8,"Minivan","Private",22280,"no",1,2,8238,"WORKING","NOTNEWCAR","GOODDRIVER",NA
"83",2385,1,2589,47,"<High School",9,NA,"M","Blue Collar",44,0,"No",149582,"Yes","No",0,0,"Highly Urban/ Urban",1,"Pickup","Private",5430,"yes",3,0,0,"WORKING","NEWCAR","GOODDRIVER","OWN"
"84",4667,1,6435,38,"Bachelors",11,48484,"M","Professional",43,7,"No",190992,"Yes","No",1,0,"Highly Urban/ Urban",11,"Pickup","Commercial",11840,"yes",6,2,5726,"WORKING","NOTNEWCAR","NOTGOODDRIVER","OWN"
"85",3662,1,3670,42,"Masters",NA,NA,"M","Lawyer",69,3,"Yes",165531,"Yes","No",2,0,"Highly Urban/ Urban",12,"Pickup","Private",12010,"yes",4,2,17445,NA,"NOTNEWCAR","NOTGOODDRIVER","OWN"
"86",9602,0,0,41,"Masters",13,111014,"F","Lawyer",35,0,"No",298205,"No","Yes",2,1,"Highly Urban/ Urban",17,"SUV","Private",16700,"no",4,0,0,"WORKING","NOTNEWCAR","GOODDRIVER","OWN"
"87",8131,0,0,43,"Bachelors",11,NA,"F","Professional",28,3,"Yes",252182,"Yes","No",0,0,"Highly Urban/ Urban",11,"SUV","Private",5800,"no",4,1,23852,"WORKING","NOTNEWCAR","NOTGOODDRIVER","OWN"
"88",2275,0,0,36,"<High School",12,19217,"F","Clerical",25,5,"No",120635,"Yes","No",1,0,"Highly Rural/ Rural",3,"Sports Car","Private",8220,"no",1,2,7194,"WORKING","NOTNEWCAR","NOTGOODDRIVER","OWN"
"89",3185,0,0,46,"High School",16,35231,"F","Professional",34,1,"No",160852,"Yes","No",0,0,"Highly Rural/ Rural",9,"SUV","Private",5020,"no",4,0,0,"WORKING","NOTNEWCAR","NOTGOODDRIVER","OWN"
"90",4493,0,0,54,"Bachelors",NA,52383,"M","Home Maker",64,1,"No",197029,"Yes","No",0,0,"Highly Urban/ Urban",6,"Pickup","Private",7730,"yes",6,0,0,NA,"NOTNEWCAR","NOTGOODDRIVER","OWN"
"91",6758,0,0,23,"Bachelors",9,68687,"M","Professional",44,1,"No",0,"No","Yes",2,0,"Highly Urban/ Urban",9,"Minivan","Private",17670,"yes",7,0,0,"WORKING","NOTNEWCAR","NOTGOODDRIVER","RENT"
"92",1115,0,0,25,"High School",12,78062,"F","Professional",5,0,"No",0,"No","Yes",3,0,"Highly Urban/ Urban",12,"Minivan","Private",20640,"no",6,0,0,"WORKING","NOTNEWCAR","GOODDRIVER","RENT"
"93",3709,0,0,66,"PhD",12,NA,"M",NA,22,0,"No",579056,"Yes","No",0,0,"Highly Urban/ Urban",15,"Van","Commercial",30530,"no",9,3,6617,"WORKING","NOTNEWCAR","GOODDRIVER","OWN"
"94",5867,1,20263.715041,27,"<High School",10,25564,"F","Blue Collar",26,2,"No",0,"No","No",0,0,"Highly Urban/ Urban",1,"SUV","Private",9070,"no",6,0,0,"WORKING","NEWCAR","NOTGOODDRIVER","RENT"
"95",8145,0,0,49,"High School",13,99493,"F","Blue Collar",14,2,"No",288808,"Yes","No",0,0,"Highly Urban/ Urban",1,"Pickup","Commercial",23030,"no",4,2,6980,"WORKING","NEWCAR","NOTGOODDRIVER","OWN"
"96",4287,0,0,42,"<High School",13,19835,"F","Home Maker",43,0,"No",141117,"Yes","No",0,0,"Highly Rural/ Rural",1,"SUV","Private",5700,"no",12,0,0,"WORKING","NEWCAR","GOODDRIVER","OWN"
"97",5174,0,0,40,"Masters",12,101794,"F","Lawyer",21,0,"No",256716,"Yes","No",0,0,"Highly Urban/ Urban",11,"Minivan","Private",22090,"no",1,0,0,"WORKING","NOTNEWCAR","GOODDRIVER","OWN"
"98",6517,0,0,49,"PhD",4,148125,"M","Doctor",38,2,"No",392383,"Yes","No",0,0,"Highly Urban/ Urban",18,"Pickup","Private",6400,"no",7,0,0,"WORKING","NOTNEWCAR","NOTGOODDRIVER","OWN"
"99",4975,0,0,47,"High School",6,25871,"F","Blue Collar",38,4,"No",193683,"Yes","No",0,0,"Highly Urban/ Urban",9,"SUV","Commercial",18400,"no",3,1,5307,"WORKING","NOTNEWCAR","NOTGOODDRIVER","OWN"
"100",8402,0,0,54,"Bachelors",11,95024,"F","Professional",53,6,"No",290418,"No","No",0,0,"Highly Urban/ Urban",12,"SUV","Private",22930,"no",3,2,20351,"WORKING","NOTNEWCAR","NOTGOODDRIVER","OWN"
"101",5875,0,0,32,"<High School",13,21204,"F","Student",10,2,"No",0,"Yes","No",2,0,"Highly Urban/ Urban",1,"Minivan","Private",13450,"no",10,0,0,"WORKING","NEWCAR","NOTGOODDRIVER","RENT"
"102",1602,1,3931,38,"<High School",12,21119,"M","Blue Collar",24,4,"No",136098,"No","No",0,0,"Highly Urban/ Urban",4,"Pickup","Commercial",12180,"no",10,3,3252,"WORKING","NOTNEWCAR","NOTGOODDRIVER","OWN"
"103",9060,0,0,45,"Bachelors",12,22721,"F","Home Maker",31,1,"No",143434,"Yes","No",0,0,"Highly Rural/ Rural",11,"Minivan","Private",19880,"no",10,0,0,"WORKING","NOTNEWCAR","NOTGOODDRIVER","OWN"
"104",7626,0,0,66,"PhD",0,0,"F","Home Maker",45,0,"No",148288,"Yes","No",2,0,"Highly Urban/ Urban",10,"Sports Car","Private",22240,"no",1,0,0,"NOTWORKING","NOTNEWCAR","GOODDRIVER","OWN"
"105",5317,0,0,44,"<High School",0,0,"M","Student",74,2,"No",0,"Yes","No",0,0,"Highly Rural/ Rural",6,"Minivan","Private",15580,"yes",4,0,0,"NOTWORKING","NOTNEWCAR","NOTGOODDRIVER","RENT"
"106",3949,0,0,50,"High School",12,14600,"F","Home Maker",75,2,"No",117538,"Yes","No",0,0,"Highly Rural/ Rural",1,"Minivan","Private",17360,"no",1,0,0,"WORKING","NEWCAR","NOTGOODDRIVER","OWN"
"107",1369,1,3762,41,"Bachelors",13,55138,"F","Blue Collar",29,0,"Yes",0,"No","No",0,0,"Highly Urban/ Urban",13,"SUV","Commercial",16880,"no",10,0,0,"WORKING","NOTNEWCAR","GOODDRIVER","RENT"
"108",10052,0,0,41,"High School",0,0,"F","Home Maker",43,0,"No",68777,"Yes","No",2,2,"Highly Rural/ Rural",8,"SUV","Private",14980,"no",9,0,0,"NOTWORKING","NOTNEWCAR","GOODDRIVER","OWN"
"109",4207,0,0,44,"High School",9,76589,"M","Blue Collar",11,0,"No",213661,"No","No",0,0,"Highly Urban/ Urban",5,"Minivan","Commercial",12680,"no",4,4,27779,"WORKING","NOTNEWCAR","GOODDRIVER","OWN"
"110",5435,0,0,34,"<High School",12,16839,"M","Clerical",37,1,"No",76152,"Yes","No",1,0,"Highly Urban/ Urban",1,"Pickup","Private",7340,"yes",4,0,0,"WORKING","NEWCAR","NOTGOODDRIVER","OWN"
"111",4887,0,0,50,"Masters",8,NA,"F","Lawyer",16,0,"No",163641,"Yes","No",0,0,"Highly Urban/ Urban",8,"Sports Car","Private",24510,"no",7,2,7715,"WORKING","NOTNEWCAR","GOODDRIVER","OWN"
"112",8106,0,0,46,"High School",7,100251,"M","Manager",47,0,"No",316455,"Yes","No",0,0,"Highly Urban/ Urban",1,"Minivan","Private",12430,"yes",10,0,0,"WORKING","NEWCAR","GOODDRIVER","OWN"
"113",41,0,0,41,"Masters",7,92842,"M",NA,12,5,"No",286113,"No","No",0,0,"Highly Urban/ Urban",15,"Panel Truck","Commercial",25810,"no",6,2,1431,"WORKING","NOTNEWCAR","NOTGOODDRIVER","OWN"
"114",7223,1,5951,45,"High School",13,81255,"F","Blue Collar",40,0,"Yes",231143,"No","Yes",2,1,"Highly Urban/ Urban",1,"SUV","Private",15810,"no",6,0,0,"WORKING","NEWCAR","GOODDRIVER","OWN"
"115",5407,1,3896,41,"<High School",9,18939,"M","Blue Collar",50,4,"No",0,"No","No",0,0,"Highly Urban/ Urban",1,"Minivan","Private",5600,"no",6,4,5171,"WORKING","NEWCAR","NOTGOODDRIVER","RENT"
"116",7714,0,0,57,"PhD",9,177380,"M","Manager",31,1,"No",422429,"Yes","No",0,0,"Highly Urban/ Urban",12,"Van","Commercial",19590,"yes",4,0,0,"WORKING","NOTNEWCAR","NOTGOODDRIVER","OWN"
"117",5206,0,0,50,"Masters",8,70569,"M","Manager",41,0,"No",211353,"Yes","No",0,0,"Highly Urban/ Urban",16,"Pickup","Commercial",8560,"yes",3,0,0,"WORKING","NOTNEWCAR","GOODDRIVER","OWN"
"118",4899,1,943,49,"Bachelors",12,61790,"F","Manager",51,0,"No",206446,"No","No",0,0,"Highly Urban/ Urban",15,"SUV","Private",12580,"no",4,0,0,"WORKING","NOTNEWCAR","GOODDRIVER","OWN"
"119",9399,0,0,44,"Bachelors",14,62721,"F","Professional",42,4,"No",165941,"Yes","No",2,0,"Highly Urban/ Urban",4,"SUV","Private",15290,"no",1,1,24878,"WORKING","NOTNEWCAR","NOTGOODDRIVER","OWN"
"120",1728,0,0,17,"<High School",0,NA,"M","Student",32,8,"No",NA,"No","Yes",1,0,"Highly Rural/ Rural",4,"Van","Private",17830,"yes",1,2,4373,"NOTWORKING","NOTNEWCAR","NOTGOODDRIVER",NA
"121",10256,0,0,56,"Masters",11,90186,"M","Lawyer",15,0,"No",278241,"Yes","No",3,0,"Highly Urban/ Urban",20,"Minivan","Private",15390,"yes",1,0,0,"WORKING","NOTNEWCAR","GOODDRIVER","OWN"
"122",6488,0,0,33,"High School",8,102981,"M","Professional",29,0,"No",302779,"Yes","No",0,0,"Highly Rural/ Rural",11,"Van","Private",16680,"yes",1,0,0,"WORKING","NOTNEWCAR","GOODDRIVER","OWN"
"123",5408,0,0,52,"<High School",7,64014,"M","Blue Collar",33,1,"No",244863,"Yes","No",0,0,"Highly Urban/ Urban",5,"Van","Commercial",16870,"yes",1,4,5542,"WORKING","NOTNEWCAR","NOTGOODDRIVER","OWN"
"124",9084,0,0,48,"High School",13,34351,"F","Blue Collar",29,0,"Yes",0,"No","No",0,0,"Highly Urban/ Urban",5,"Pickup","Commercial",22440,"no",4,0,0,"WORKING","NOTNEWCAR","GOODDRIVER","RENT"
"125",8182,1,1232,38,"<High School",11,42229,"F","Clerical",21,2,"No",167121,"Yes","No",2,0,"Highly Urban/ Urban",1,"Pickup","Commercial",23020,"no",9,0,0,"WORKING","NEWCAR","NOTGOODDRIVER","OWN"
"126",8110,1,3454,44,"<High School",NA,28045,"M","Clerical",48,4,"No",158817,"Yes","No",2,1,"Highly Urban/ Urban",1,"Van","Commercial",20450,"yes",1,0,0,NA,"NEWCAR","NOTGOODDRIVER","OWN"
"127",5347,0,0,51,"Bachelors",13,53323,"F","Professional",8,1,"No",233408,"Yes","No",0,0,"Highly Urban/ Urban",8,"SUV","Private",11930,"no",10,0,0,"WORKING","NOTNEWCAR","NOTGOODDRIVER","OWN"
"128",8844,0,0,42,"<High School",13,NA,"M","Blue Collar",7,2,"No",276313,"Yes","No",0,0,"Highly Rural/ Rural",1,"Minivan","Private",39420,"no",4,0,0,"WORKING","NEWCAR","NOTGOODDRIVER","OWN"
"129",4567,0,0,51,"PhD",13,188187,"F","Doctor",51,1,"No",0,"No","No",0,0,"Highly Urban/ Urban",20,"Van","Private",41620,"no",10,0,0,"WORKING","NOTNEWCAR","NOTGOODDRIVER","RENT"
"130",4181,0,0,57,"Bachelors",10,58924,"M","Professional",16,3,"Yes",209735,"Yes","No",0,0,"Highly Rural/ Rural",12,"Pickup","Commercial",6470,"yes",1,0,0,"WORKING","NOTNEWCAR","NOTGOODDRIVER","OWN"
"131",1459,0,0,45,"Masters",6,153565,"F","Manager",11,0,"No",435509,"No","Yes",1,0,"Highly Urban/ Urban",13,"SUV","Private",31110,"no",1,0,0,"WORKING","NOTNEWCAR","GOODDRIVER","OWN"
"132",3067,0,0,42,"<High School",5,3374,"F","Home Maker",74,4,"No",0,"No","Yes",2,1,"Highly Rural/ Rural",1,"Minivan","Private",21660,"no",10,2,7313,"WORKING","NEWCAR","NOTGOODDRIVER","RENT"
"133",1430,1,8162,62,"High School",12,34033,"M","Blue Collar",69,7,"No",0,"No","No",0,0,"Highly Urban/ Urban",1,"Sports Car","Commercial",11100,"no",14,3,4821,"WORKING","NEWCAR","NOTGOODDRIVER","RENT"
"134",4453,1,3918,60,"PhD",13,128275,"M","Doctor",33,4,"No",0,"No","No",0,0,"Highly Urban/ Urban",13,"Minivan","Private",14330,"no",10,3,3977,"WORKING","NOTNEWCAR","NOTGOODDRIVER","RENT"
"135",5795,1,5089,56,"High School",13,33193,"M","Blue Collar",40,1,"No",149500,"Yes","No",0,0,"Highly Urban/ Urban",1,"Pickup","Commercial",11480,"no",4,2,4196,"WORKING","NEWCAR","NOTGOODDRIVER","OWN"
"136",5973,0,0,53,"Bachelors",7,98678,"F","Blue Collar",25,0,"No",268734,"Yes","No",0,0,"Highly Rural/ Rural",1,"SUV","Private",11650,"no",1,0,0,"WORKING","NEWCAR","GOODDRIVER","OWN"
"137",4068,0,0,48,"High School",11,NA,"M","Blue Collar",45,0,"No",252119,"Yes","No",0,0,"Highly Rural/ Rural",1,"Van","Commercial",18370,"yes",4,0,0,"WORKING","NEWCAR","GOODDRIVER","OWN"
"138",1963,1,3764,50,"Masters",8,34928,"F","Manager",27,0,"No",0,"No","No",0,0,"Highly Urban/ Urban",13,"Sports Car","Private",12700,"no",4,2,22345,"WORKING","NOTNEWCAR","GOODDRIVER","RENT"
"139",7577,0,0,48,"Masters",14,92496,"F","Lawyer",33,2,"No",296957,"Yes","No",0,0,"Highly Urban/ Urban",16,"SUV","Private",18910,"no",6,0,0,"WORKING","NOTNEWCAR","NOTGOODDRIVER","OWN"
"140",6680,0,0,31,"Masters",9,39456,"F",NA,57,0,"No",148093,"Yes","No",1,0,"Highly Urban/ Urban",9,"Sports Car","Private",8550,"no",6,0,0,"WORKING","NOTNEWCAR","GOODDRIVER","OWN"
"141",323,1,9775.6413423,25,"High School",9,51544,"F","Blue Collar",44,8,"No",NA,"No","Yes",1,0,"Highly Urban/ Urban",1,"SUV","Commercial",20630,"no",1,2,7767,"WORKING","NEWCAR","NOTGOODDRIVER",NA
"142",8993,0,0,51,"Bachelors",11,72518,"F","Blue Collar",28,0,"No",0,"No","No",0,0,"Highly Urban/ Urban",11,"SUV","Commercial",16510,"no",1,2,5217,"WORKING","NOTNEWCAR","GOODDRIVER","RENT"
"143",627,0,0,28,"Bachelors",9,54005,"F","Blue Collar",46,0,"No",164212,"Yes","No",2,0,"Highly Rural/ Rural",7,"Sports Car","Commercial",1500,"no",1,0,0,"WORKING","NOTNEWCAR","GOODDRIVER","OWN"
"144",3055,0,0,45,"Masters",12,62884,"M","Lawyer",45,2,"No",NA,"No","No",0,0,"Highly Urban/ Urban",17,"Pickup","Private",7790,"no",6,0,0,"WORKING","NOTNEWCAR","NOTGOODDRIVER",NA
"145",9308,1,3884,41,"High School",13,24660,"M","Professional",25,0,"No",147588,"Yes","No",1,0,"Highly Urban/ Urban",1,"Van","Commercial",16230,"yes",1,1,5330,"WORKING","NEWCAR","GOODDRIVER","OWN"
"146",8476,0,0,33,"Bachelors",12,70408,"F","Blue Collar",31,1,"No",190139,"Yes","No",2,0,"Highly Urban/ Urban",9,"Sports Car","Commercial",11840,"no",4,0,0,"WORKING","NOTNEWCAR","NOTGOODDRIVER","OWN"
"147",5799,0,0,44,"High School",12,55241,"M","Blue Collar",40,0,"No",205177,"No","No",0,0,"Highly Urban/ Urban",1,"Minivan","Commercial",14200,"no",1,0,0,"WORKING","NEWCAR","GOODDRIVER","OWN"
"148",3463,0,0,51,"<High School",13,31380,"M","Blue Collar",28,0,"No",155473,"Yes","No",0,0,"Highly Urban/ Urban",4,"Minivan","Commercial",14900,"yes",7,0,0,"WORKING","NOTNEWCAR","GOODDRIVER","OWN"
"149",48,0,0,63,"PhD",15,121398,"F","Doctor",10,0,"No",343410,"Yes","No",0,0,"Highly Urban/ Urban",11,"SUV","Private",16270,"no",1,0,0,"WORKING","NOTNEWCAR","GOODDRIVER","OWN"
"150",993,0,0,25,"High School",0,0,"M","Student",37,3,"No",NA,"Yes","No",0,0,"Highly Rural/ Rural",1,"Minivan","Private",4000,"yes",1,1,4920,"NOTWORKING","NEWCAR","NOTGOODDRIVER",NA
"151",5405,0,0,54,"PhD",5,132687,"F","Doctor",55,0,"No",0,"No","No",0,0,"Highly Urban/ Urban",18,"SUV","Private",20170,"no",10,0,0,"WORKING","NOTNEWCAR","GOODDRIVER","RENT"
"152",5601,0,0,51,"Bachelors",16,17398,"M","Professional",28,0,"No",165641,"Yes","No",0,0,"Highly Urban/ Urban",14,"Minivan","Private",23720,"no",7,0,0,"WORKING","NOTNEWCAR","GOODDRIVER","OWN"
"153",7812,0,0,48,"Masters",0,0,"F","Home Maker",24,1,"No",0,"No","No",0,0,"Highly Rural/ Rural",NA,"Sports Car","Private",6300,"no",1,0,0,"NOTWORKING",NA,"NOTGOODDRIVER","RENT"
"154",4600,1,2419,42,"High School",11,61415,"F","Blue Collar",18,0,"No",250198,"Yes","No",1,0,"Highly Urban/ Urban",1,"Pickup","Commercial",21300,"no",7,0,0,"WORKING","NEWCAR","GOODDRIVER","OWN"
"155",6057,0,0,35,"Bachelors",12,78582,"M","Manager",28,1,"No",185020,"Yes","No",0,0,"Highly Urban/ Urban",6,"Minivan","Private",12860,"yes",4,0,0,"WORKING","NOTNEWCAR","NOTGOODDRIVER","OWN"
"156",2807,0,0,43,"Masters",9,NA,"M",NA,37,0,"No",471638,"No","No",0,0,"Highly Urban/ Urban",14,"Panel Truck","Commercial",26410,"yes",9,0,0,"WORKING","NOTNEWCAR","GOODDRIVER","OWN"
"157",9005,0,0,44,"<High School",14,11065,"F","Blue Collar",80,0,"No",110907,"Yes","No",2,1,"Highly Rural/ Rural",8,"SUV","Private",12410,"no",7,0,0,"WORKING","NOTNEWCAR","GOODDRIVER","OWN"
"158",3541,0,0,47,"Bachelors",11,68061,"M","Professional",35,0,"No",209610,"Yes","No",0,0,"Highly Urban/ Urban",13,"Van","Private",20870,"yes",1,0,0,"WORKING","NOTNEWCAR","GOODDRIVER","OWN"
"159",1488,1,6431,49,"Masters",11,52485,"M","Lawyer",40,3,"No",0,"No","No",0,0,"Highly Urban/ Urban",18,"Van","Private",19830,"yes",4,0,0,"WORKING","NOTNEWCAR","NOTGOODDRIVER","RENT"
"160",3329,0,0,45,"Masters",14,92626,"M","Manager",35,1,"No",252585,"Yes","No",1,0,"Highly Urban/ Urban",16,"Panel Truck","Commercial",31340,"yes",17,0,0,"WORKING","NOTNEWCAR","NOTGOODDRIVER","OWN"
"161",2736,0,0,58,"PhD",10,182598,"F","Doctor",24,0,"No",460349,"Yes","No",0,0,"Highly Urban/ Urban",14,"Minivan","Private",25560,"no",7,0,0,"WORKING","NOTNEWCAR","GOODDRIVER","OWN"
"162",3571,0,0,35,"High School",9,33522,"M","Clerical",47,0,"No",0,"No","Yes",2,0,"Highly Rural/ Rural",9,"Minivan","Private",1500,"yes",9,0,0,"WORKING","NOTNEWCAR","GOODDRIVER","RENT"
"163",5655,0,0,52,"Bachelors",9,65529,"M","Manager",10,0,"No",NA,"No","No",0,0,"Highly Urban/ Urban",9,"Minivan","Private",20310,"yes",1,0,0,"WORKING","NOTNEWCAR","GOODDRIVER",NA
"164",2939,0,0,35,"High School",6,NA,"F","Clerical",41,0,"No",152065,"Yes","No",0,0,"Highly Urban/ Urban",6,"SUV","Private",11290,"no",1,0,0,"WORKING","NOTNEWCAR","GOODDRIVER","OWN"
"165",5044,0,0,35,"High School",14,22500,"F","Clerical",48,0,"Yes",108085,"Yes","No",1,0,"Highly Urban/ Urban",1,"SUV","Private",12360,"no",6,0,0,"WORKING","NEWCAR","GOODDRIVER","OWN"
"166",9843,1,6042,39,"High School",15,22271,"F","Clerical",11,2,"No",163729,"Yes","No",1,1,"Highly Rural/ Rural",2,"Sports Car","Private",11490,"no",7,1,25260,"WORKING","NOTNEWCAR","NOTGOODDRIVER","OWN"
"167",8454,0,0,30,"<High School",9,18447,"F","Clerical",45,2,"No",104225,"Yes","No",2,0,"Highly Urban/ Urban",5,"Sports Car","Private",3340,"no",13,0,0,"WORKING","NOTNEWCAR","NOTGOODDRIVER","OWN"
"168",9975,0,0,29,"PhD",12,126263,"F","Manager",39,0,"Yes",319400,"Yes","No",4,0,"Highly Urban/ Urban",13,"SUV","Private",8190,"no",6,2,26785,"WORKING","NOTNEWCAR","GOODDRIVER","OWN"
"169",5919,0,0,47,"PhD",0,0,"M","Home Maker",52,0,"No",91949,"No","No",0,0,"Highly Urban/ Urban",20,"Pickup","Private",6200,"no",7,0,0,"NOTWORKING","NOTNEWCAR","GOODDRIVER","OWN"
"170",3105,0,0,54,"Bachelors",16,48078,"F","Clerical",40,1,"No",274259,"Yes","No",0,0,"Highly Urban/ Urban",8,"Sports Car","Private",18290,"no",1,0,0,"WORKING","NOTNEWCAR","NOTGOODDRIVER","OWN"
"171",4837,0,0,43,"High School",9,32555,"M","Clerical",5,0,"No",143834,"Yes","No",1,1,"Highly Urban/ Urban",1,"Minivan","Private",21040,"no",9,0,0,"WORKING","NEWCAR","GOODDRIVER","OWN"
"172",9522,0,0,45,"Masters",11,42127,"M",NA,44,0,"No",NA,"No","No",0,0,"Highly Urban/ Urban",NA,"Panel Truck","Commercial",25290,"yes",11,0,0,"WORKING",NA,"GOODDRIVER",NA
"173",5259,0,0,56,"Masters",12,98422,"M",NA,5,0,"No",NA,"Yes","No",0,0,"Highly Urban/ Urban",13,"Panel Truck","Commercial",25200,"yes",14,0,0,"WORKING","NOTNEWCAR","GOODDRIVER",NA
"174",1643,0,0,33,"High School",12,23514,"F","Clerical",27,0,"No",105036,"Yes","No",1,0,"Highly Rural/ Rural",7,"SUV","Private",7920,"no",7,0,0,"WORKING","NOTNEWCAR","GOODDRIVER","OWN"
"175",711,0,0,36,"Masters",14,80765,"M","Lawyer",29,1,"No",191252,"Yes","No",2,0,"Highly Urban/ Urban",9,"Minivan","Private",13840,"yes",3,0,0,"WORKING","NOTNEWCAR","NOTGOODDRIVER","OWN"
"176",6872,0,0,45,"<High School",15,32089,"M","Clerical",34,5,"No",156060,"Yes","No",3,3,"Highly Urban/ Urban",1,"Pickup","Commercial",9210,"yes",1,1,5823,"WORKING","NEWCAR","NOTGOODDRIVER","OWN"
"177",1611,0,0,58,"Masters",11,98263,"F","Lawyer",27,7,"Yes",296689,"Yes","No",0,0,"Highly Urban/ Urban",21,"Van","Private",31700,"no",11,1,38683,"WORKING","NOTNEWCAR","NOTGOODDRIVER","OWN"
"178",204,1,3894,39,"High School",12,32936,"F","Clerical",12,0,"No",169721,"No","No",0,0,"Highly Urban/ Urban",7,"SUV","Private",1500,"no",6,0,0,"WORKING","NOTNEWCAR","GOODDRIVER","OWN"
"179",9193,0,0,32,"<High School",12,14846,"M","Clerical",40,2,"No",0,"No","No",0,0,"Highly Rural/ Rural",1,"Van","Commercial",22330,"yes",3,0,0,"WORKING","NEWCAR","NOTGOODDRIVER","RENT"
"180",4415,0,0,37,"High School",15,18784,"M","Blue Collar",20,3,"No",0,"No","Yes",3,2,"Highly Urban/ Urban",NA,"Minivan","Commercial",7080,"yes",7,4,26827,"WORKING",NA,"NOTGOODDRIVER","RENT"
"181",3135,0,0,48,"High School",NA,7,"F","Student",21,0,"No",0,"No","No",0,0,"Highly Rural/ Rural",7,"Sports Car","Private",6550,"no",4,0,0,NA,"NOTNEWCAR","GOODDRIVER","RENT"
"182",3444,0,0,51,"Masters",11,142545,"F","Professional",28,0,"No",398369,"Yes","No",0,0,"Highly Rural/ Rural",11,"SUV","Private",43560,"no",13,0,0,"WORKING","NOTNEWCAR","GOODDRIVER","OWN"
"183",1900,0,0,54,"Bachelors",11,108317,"M","Professional",26,2,"No",325936,"No","No",0,0,"Highly Urban/ Urban",13,"Panel Truck","Commercial",25190,"no",4,2,3110,"WORKING","NOTNEWCAR","NOTGOODDRIVER","OWN"
"184",4116,0,0,46,"Masters",8,102092,"M","Lawyer",25,2,"No",0,"No","No",0,0,"Highly Urban/ Urban",8,"Minivan","Private",1500,"yes",9,2,2619,"WORKING","NOTNEWCAR","NOTGOODDRIVER","RENT"
"185",546,0,0,52,"Bachelors",12,70293,"F","Professional",34,0,"No",271091,"Yes","No",0,0,"Highly Urban/ Urban",6,"Pickup","Private",33440,"no",7,0,0,"WORKING","NOTNEWCAR","GOODDRIVER","OWN"
"186",8329,0,0,53,"Bachelors",16,59931,"M","Clerical",31,0,"No",NA,"Yes","No",0,0,"Highly Rural/ Rural",NA,"Minivan","Private",13770,"yes",17,0,0,"WORKING",NA,"GOODDRIVER",NA
"187",9396,0,0,42,"Masters",15,84505,"F","Lawyer",20,9,"No",235004,"Yes","No",2,1,"Highly Urban/ Urban",11,"SUV","Private",26860,"no",10,2,8161,"WORKING","NOTNEWCAR","NOTGOODDRIVER","OWN"
"188",4808,0,0,38,"Masters",13,33219,"M","Lawyer",45,0,"No",149415,"Yes","No",3,0,"Highly Urban/ Urban",17,"Minivan","Private",15150,"yes",6,0,0,"WORKING","NOTNEWCAR","GOODDRIVER","OWN"
"189",8219,0,0,38,"High School",15,23297,"F","Clerical",58,6,"No",0,"No","Yes",2,0,"Highly Rural/ Rural",1,"SUV","Private",7630,"no",6,1,6510,"WORKING","NEWCAR","NOTGOODDRIVER","RENT"
"190",2316,1,3110,26,"Bachelors",0,0,"F","Home Maker",42,6,"No",50964,"Yes","No",3,0,"Highly Urban/ Urban",8,"SUV","Private",4100,"no",1,2,2621,"NOTWORKING","NOTNEWCAR","NOTGOODDRIVER","OWN"
"191",7984,0,0,51,"Bachelors",15,142521,"F","Manager",36,0,"No",353218,"Yes","No",0,0,"Highly Urban/ Urban",11,"Minivan","Private",22440,"no",1,0,0,"WORKING","NOTNEWCAR","GOODDRIVER","OWN"
"192",6026,0,0,52,"<High School",9,22658,"M","Clerical",17,7,"No",96532,"Yes","No",0,0,"Highly Urban/ Urban",5,"Panel Truck","Commercial",30450,"yes",4,1,5369,"WORKING","NOTNEWCAR","NOTGOODDRIVER","OWN"
"193",8103,0,0,45,"Masters",NA,147990,"F","Lawyer",21,2,"No",411073,"Yes","No",2,0,"Highly Urban/ Urban",16,"Minivan","Private",20800,"no",6,0,0,NA,"NOTNEWCAR","NOTGOODDRIVER","OWN"
"194",2101,0,0,65,"PhD",9,26123,"M","Doctor",55,0,"No",0,"No","No",0,0,"Highly Urban/ Urban",23,"SUV","Private",10610,"no",10,3,5766,"WORKING","NOTNEWCAR","GOODDRIVER","RENT"
"195",9541,0,0,33,"High School",13,37352,"F","Blue Collar",33,4,"No",91430,"No","No",0,0,"Highly Urban/ Urban",1,"Sports Car","Commercial",10950,"no",6,1,8994,"WORKING","NEWCAR","NOTGOODDRIVER","OWN"
"196",51,0,0,43,"Bachelors",13,75338,"F","Manager",40,0,"No",270555,"Yes","No",0,0,"Highly Urban/ Urban",8,"Sports Car","Private",23080,"no",1,0,0,"WORKING","NOTNEWCAR","GOODDRIVER","OWN"
"197",4258,0,0,42,"PhD",14,120315,"M","Doctor",61,0,"No",0,"No","No",0,0,"Highly Urban/ Urban",10,"Pickup","Private",6760,"yes",1,3,9609,"WORKING","NOTNEWCAR","GOODDRIVER","RENT"
"198",5272,0,0,67,"Bachelors",13,45368,"M","Professional",33,5,"No",190399,"Yes","No",0,0,"Highly Urban/ Urban",13,"Minivan","Private",20410,"yes",4,2,7445,"WORKING","NOTNEWCAR","NOTGOODDRIVER","OWN"
"199",8772,1,1469,47,"Bachelors",12,48696,"F","Professional",46,1,"Yes",212014,"No","No",0,0,"Highly Urban/ Urban",NA,"Pickup","Private",15390,"no",4,3,33521,"WORKING",NA,"NOTGOODDRIVER","OWN"
"200",3849,0,0,46,"PhD",10,256870,"M",NA,9,0,"No",0,"No","No",0,0,"Highly Urban/ Urban",16,"Panel Truck","Commercial",48620,"no",13,0,0,"WORKING","NOTNEWCAR","GOODDRIVER","RENT"
"201",498,0,0,48,"Bachelors",12,93658,"M","Professional",33,0,"No",274828,"Yes","No",0,0,"Highly Urban/ Urban",10,"Van","Commercial",18050,"yes",1,0,0,"WORKING","NOTNEWCAR","GOODDRIVER","OWN"
"202",3604,0,0,58,"Masters",12,33680,"M","Manager",5,0,"Yes",183800,"Yes","No",0,0,"Highly Urban/ Urban",11,"Pickup","Private",10670,"yes",1,0,0,"WORKING","NOTNEWCAR","GOODDRIVER","OWN"
"203",2480,1,19970.205102,31,"High School",9,83316,"F","Professional",12,5,"No",239711,"No","Yes",1,0,"Highly Urban/ Urban",1,"Panel Truck","Commercial",37720,"no",6,0,0,"WORKING","NEWCAR","NOTGOODDRIVER","OWN"
"204",1322,1,6653,39,"High School",9,24628,"F","Blue Collar",32,3,"No",195489,"Yes","No",2,1,"Highly Urban/ Urban",10,"SUV","Commercial",18810,"no",6,1,2415,"WORKING","NOTNEWCAR","NOTGOODDRIVER","OWN"
"205",1510,0,0,54,"Masters",7,221413,"M","Lawyer",17,0,"No",511661,"Yes","No",0,0,"Highly Urban/ Urban",17,"Minivan","Private",35760,"no",4,0,0,"WORKING","NOTNEWCAR","GOODDRIVER","OWN"
"206",5400,0,0,51,"PhD",9,271813,"M",NA,48,0,"No",631309,"Yes","No",0,0,"Highly Urban/ Urban",6,"Panel Truck","Commercial",49230,"yes",1,0,0,"WORKING","NOTNEWCAR","GOODDRIVER","OWN"
"207",3249,0,0,41,"High School",15,NA,"F","Professional",38,2,"No",177209,"Yes","No",3,0,"Highly Urban/ Urban",6,"SUV","Private",11510,"no",17,1,7383,"WORKING","NOTNEWCAR","NOTGOODDRIVER","OWN"
"208",9245,1,4743,58,"Bachelors",13,72840,"F","Professional",20,7,"No",277784,"Yes","No",0,0,"Highly Urban/ Urban",10,"Van","Commercial",27830,"no",6,1,3589,"WORKING","NOTNEWCAR","NOTGOODDRIVER","OWN"
"209",9965,0,0,43,"Masters",17,82947,"M","Professional",35,5,"No",264359,"Yes","No",2,1,"Highly Urban/ Urban",16,"Van","Commercial",20710,"yes",4,3,3963,"WORKING","NOTNEWCAR","NOTGOODDRIVER","OWN"
"210",3036,0,0,37,"High School",9,76100,"M","Manager",32,0,"Yes",204139,"Yes","No",0,0,"Highly Urban/ Urban",5,"Van","Private",19860,"yes",4,0,0,"WORKING","NOTNEWCAR","GOODDRIVER","OWN"
"211",8726,0,0,66,"Bachelors",13,61473,"M","Manager",33,0,"No",248544,"Yes","No",0,0,"Highly Urban/ Urban",9,"SUV","Private",24100,"yes",4,0,0,"WORKING","NOTNEWCAR","GOODDRIVER","OWN"
"212",10248,0,0,49,"Masters",14,106231,"F","Lawyer",12,0,"No",319922,"Yes","No",0,0,"Highly Urban/ Urban",15,"Minivan","Private",28110,"no",6,0,0,"WORKING","NOTNEWCAR","GOODDRIVER","OWN"
"213",8089,0,0,44,"Bachelors",12,156493,"M","Blue Collar",19,2,"No",403292,"Yes","No",2,0,"Highly Rural/ Rural",12,"Panel Truck","Commercial",24410,"no",4,0,0,"WORKING","NOTNEWCAR","NOTGOODDRIVER","OWN"
"214",5553,0,0,34,"Masters",8,129682,"M","Professional",42,0,"No",0,"No","Yes",4,0,"Highly Urban/ Urban",16,"Minivan","Private",17870,"yes",3,0,0,"WORKING","NOTNEWCAR","GOODDRIVER","RENT"
"215",2156,1,9540,54,"Masters",14,80227,"F","Professional",23,2,"No",247045,"Yes","No",0,0,"Highly Urban/ Urban",11,"SUV","Private",14920,"no",1,0,0,"WORKING","NOTNEWCAR","NOTGOODDRIVER","OWN"
"216",5677,0,0,38,"PhD",7,138953,"F","Professional",24,1,"No",0,"No","No",0,0,"Highly Rural/ Rural",16,"SUV","Private",19200,"no",9,0,0,"WORKING","NOTNEWCAR","NOTGOODDRIVER","RENT"
"217",2713,0,0,43,"Masters",11,39848,"F","Lawyer",45,0,"No",136304,"No","No",0,0,"Highly Urban/ Urban",15,"SUV","Private",5800,"no",9,5,3010,"WORKING","NOTNEWCAR","GOODDRIVER","OWN"
"218",8212,0,0,37,"High School",9,38200,"M","Clerical",51,1,"No",167131,"No","No",0,0,"Highly Urban/ Urban",8,"Pickup","Commercial",11200,"yes",10,4,5824,"WORKING","NOTNEWCAR","NOTGOODDRIVER","OWN"
"219",773,0,0,53,"Bachelors",15,63049,"M","Professional",40,6,"No",197046,"Yes","No",0,0,"Highly Urban/ Urban",12,"Minivan","Private",13010,"yes",6,1,1402,"WORKING","NOTNEWCAR","NOTGOODDRIVER","OWN"
"220",8384,0,0,29,"Bachelors",8,38494,"M","Professional",59,0,"No",0,"No","No",0,0,"Highly Rural/ Rural",8,"Panel Truck","Commercial",29190,"yes",10,0,0,"WORKING","NOTNEWCAR","GOODDRIVER","RENT"
"221",9856,0,0,50,"PhD",13,175098,"F",NA,44,3,"No",499296,"Yes","No",0,0,"Highly Urban/ Urban",4,"Pickup","Commercial",34250,"no",7,0,0,"WORKING","NOTNEWCAR","NOTGOODDRIVER","OWN"
"222",6765,1,6481,39,"<High School",8,24062,"F","Clerical",36,2,"No",149083,"Yes","No",3,0,"Highly Urban/ Urban",3,"Sports Car","Private",12510,"no",1,0,0,"WORKING","NOTNEWCAR","NOTGOODDRIVER","OWN"
"223",9655,1,8653,41,"High School",14,NA,"M","Blue Collar",28,3,"No",205283,"No","Yes",2,0,"Highly Urban/ Urban",12,"Panel Truck","Commercial",33800,"yes",4,0,0,"WORKING","NOTNEWCAR","NOTGOODDRIVER","OWN"
"224",2010,0,0,34,"<High School",14,31389,"F","Blue Collar",16,0,"No",158657,"Yes","No",3,0,"Highly Rural/ Rural",5,"SUV","Private",12710,"no",1,0,0,"WORKING","NOTNEWCAR","GOODDRIVER","OWN"
"225",6106,0,0,50,"Masters",9,154602,"M","Lawyer",36,1,"No",0,"No","No",0,0,"Highly Urban/ Urban",11,"Pickup","Private",6500,"yes",7,0,0,"WORKING","NOTNEWCAR","NOTGOODDRIVER","RENT"
"226",685,1,60838.10394,48,"Bachelors",11,81084,"F","Professional",42,4,"No",0,"No","No",0,0,"Highly Urban/ Urban",9,"Sports Car","Private",27360,"no",1,1,2860,"WORKING","NOTNEWCAR","NOTGOODDRIVER","RENT"
"227",7239,1,724,31,"<High School",12,54909,"M","Blue Collar",33,3,"No",NA,"Yes","No",1,0,"Highly Urban/ Urban",4,"Pickup","Private",6990,"yes",1,0,0,"WORKING","NOTNEWCAR","NOTGOODDRIVER",NA
"228",9345,0,0,40,"<High School",5,18539,"M","Clerical",45,0,"No",98559,"Yes","No",0,0,"Highly Urban/ Urban",4,"Pickup","Private",9390,"yes",6,0,0,"WORKING","NOTNEWCAR","GOODDRIVER","OWN"
"229",8114,0,0,47,"High School",12,28068,"M","Clerical",19,0,"No",125923,"No","No",0,0,"Highly Rural/ Rural",7,"Minivan","Private",9550,"no",3,0,0,"WORKING","NOTNEWCAR","GOODDRIVER","OWN"
"230",9121,1,4546,28,"Bachelors",9,36113,"M","Blue Collar",75,5,"No",187871,"No","No",0,0,"Highly Urban/ Urban",8,"Pickup","Commercial",9240,"yes",4,2,5065,"WORKING","NOTNEWCAR","NOTGOODDRIVER","OWN"
"231",7792,0,0,48,"High School",12,25094,"F","Blue Collar",18,5,"No",0,"No","No",0,0,"Highly Urban/ Urban",1,"Sports Car","Commercial",8810,"no",16,1,4852,"WORKING","NEWCAR","NOTGOODDRIVER","RENT"
"232",4829,1,1731,29,"Bachelors",13,NA,"M","Blue Collar",48,3,"Yes",269107,"Yes","No",3,0,"Highly Urban/ Urban",9,"Pickup","Private",11190,"yes",6,0,0,"WORKING","NOTNEWCAR","NOTGOODDRIVER","OWN"
"233",1703,1,464.37523129,36,"<High School",12,26587,"F","Clerical",45,5,"No",0,"No","Yes",1,0,"Highly Urban/ Urban",1,"SUV","Private",5100,"no",7,1,4936,"WORKING","NEWCAR","NOTGOODDRIVER","RENT"
"234",3266,1,4307,32,"<High School",11,36179,"F","Clerical",12,0,"No",106892,"No","Yes",1,0,"Highly Rural/ Rural",6,"Sports Car","Private",13030,"no",1,0,0,"WORKING","NOTNEWCAR","GOODDRIVER","OWN"
"235",3106,0,0,41,"High School",13,NA,"M","Student",36,0,"No",0,"Yes","No",1,1,"Highly Rural/ Rural",9,"Pickup","Private",9130,"yes",6,0,0,"WORKING","NOTNEWCAR","GOODDRIVER","RENT"
"236",9883,0,0,40,"PhD",11,1965,"F","Home Maker",21,2,"No",0,"No","Yes",1,0,"Highly Urban/ Urban",11,"Minivan","Private",20630,"no",1,0,0,"WORKING","NOTNEWCAR","NOTGOODDRIVER","RENT"
"237",7620,0,0,55,"Masters",12,107264,"M","Manager",56,6,"No",0,"No","No",0,0,"Highly Urban/ Urban",13,"Pickup","Commercial",7000,"yes",10,2,5191,"WORKING","NOTNEWCAR","NOTGOODDRIVER","RENT"
"238",9139,1,18391.574541,42,"Bachelors",17,54427,"F","Manager",29,2,"No",0,"No","Yes",2,0,"Highly Urban/ Urban",7,"Sports Car","Private",5700,"no",1,0,0,"WORKING","NOTNEWCAR","NOTGOODDRIVER","RENT"
"239",5363,0,0,40,"<High School",11,17020,"M","Clerical",5,1,"No",93220,"Yes","No",0,0,"Highly Rural/ Rural",1,"Pickup","Commercial",7960,"yes",6,0,0,"WORKING","NEWCAR","NOTGOODDRIVER","OWN"
"240",639,0,0,44,"High School",14,13587,"F","Home Maker",43,0,"No",130260,"Yes","No",2,1,"Highly Rural/ Rural",6,"Sports Car","Private",7260,"no",6,0,0,"WORKING","NOTNEWCAR","GOODDRIVER","OWN"
"241",1737,0,0,44,"Masters",10,91652,"F","Manager",44,0,"No",0,"No","No",0,0,"Highly Urban/ Urban",17,"SUV","Private",25290,"no",10,1,4653,"WORKING","NOTNEWCAR","GOODDRIVER","RENT"
"242",4115,0,0,34,"High School",11,44572,"F","Blue Collar",52,0,"Yes",NA,"No","Yes",1,0,"Highly Urban/ Urban",1,"SUV","Commercial",9360,"no",4,0,0,"WORKING","NEWCAR","GOODDRIVER",NA
"243",4847,1,7045,58,"Bachelors",6,57517,"M","Manager",22,4,"No",0,"No","No",0,0,"Highly Urban/ Urban",12,"Panel Truck","Commercial",28740,"yes",1,0,0,"WORKING","NOTNEWCAR","NOTGOODDRIVER","RENT"
"244",437,1,3943,49,"High School",8,37356,"M","Blue Collar",63,7,"No",133175,"Yes","No",0,0,"Highly Urban/ Urban",6,"Pickup","Commercial",6400,"yes",1,1,7993,"WORKING","NOTNEWCAR","NOTGOODDRIVER","OWN"
"245",9015,0,0,60,"High School",17,18681,"M","Student",5,0,"No",176330,"Yes","No",3,0,"Highly Urban/ Urban",7,"Minivan","Commercial",27260,"yes",1,0,0,"WORKING","NOTNEWCAR","GOODDRIVER","OWN"
"246",3098,0,0,52,"Masters",13,31742,"F",NA,45,0,"No",0,"No","No",0,0,"Highly Rural/ Rural",10,"Pickup","Commercial",24540,"no",4,0,0,"WORKING","NOTNEWCAR","GOODDRIVER","RENT"
"247",6850,0,0,35,"<High School",14,22533,"F","Clerical",25,1,"No",111447,"No","Yes",4,0,"Highly Rural/ Rural",4,"SUV","Private",13490,"no",1,0,0,"WORKING","NOTNEWCAR","NOTGOODDRIVER","OWN"
"248",9988,0,0,47,"Masters",9,121991,"F","Manager",18,1,"No",329229,"Yes","No",0,0,"Highly Urban/ Urban",1,"Minivan","Private",5180,"yes",8,0,0,"WORKING","NEWCAR","NOTGOODDRIVER","OWN"
"249",8809,1,6293,44,"<High School",13,18154,"M","Blue Collar",77,2,"No",108984,"Yes","No",3,2,"Highly Urban/ Urban",1,"Pickup","Private",8330,"yes",6,2,3401,"WORKING","NEWCAR","NOTGOODDRIVER","OWN"
"250",8343,0,0,51,"Bachelors",12,58714,"F","Manager",17,1,"No",220686,"Yes","No",0,0,"Highly Urban/ Urban",10,"SUV","Private",11560,"no",4,0,0,"WORKING","NOTNEWCAR","NOTGOODDRIVER","OWN"
"251",3462,0,0,51,"High School",11,30508,"F","Clerical",46,0,"No",136905,"Yes","No",0,0,"Highly Urban/ Urban",NA,"Sports Car","Private",11160,"no",1,2,746,"WORKING",NA,"GOODDRIVER","OWN"
"252",2391,0,0,39,"<High School",NA,NA,"F","Student",79,0,"No",0,"Yes","No",0,0,"Highly Urban/ Urban",1,"Sports Car","Private",5600,"no",1,1,4697,NA,"NEWCAR","GOODDRIVER","RENT"
"253",8128,0,0,56,"Masters",6,103503,"M","Professional",14,1,"No",279903,"No","No",0,0,"Highly Rural/ Rural",15,"Minivan","Private",45480,"no",4,0,0,"WORKING","NOTNEWCAR","NOTGOODDRIVER","OWN"
"254",10236,0,0,47,"High School",NA,54005,"M","Blue Collar",39,0,"No",232029,"Yes","No",0,0,"Highly Urban/ Urban",5,"Pickup","Commercial",11600,"yes",13,0,0,NA,"NOTNEWCAR","GOODDRIVER","OWN"
"255",19,1,2920.16732,45,"<High School",0,0,"F","Home Maker",48,3,"No",106859,"Yes","No",0,0,"Highly Urban/ Urban",5,"SUV","Private",6000,"no",1,0,0,"NOTWORKING","NOTNEWCAR","NOTGOODDRIVER","OWN"
"256",362,1,5395,32,"High School",9,60050,"F","Clerical",31,2,"Yes",212562,"No","Yes",2,0,"Highly Urban/ Urban",1,"Minivan","Private",11480,"no",1,4,17493,"WORKING","NEWCAR","NOTGOODDRIVER","OWN"
"257",435,1,3008,54,"High School",NA,62215,"F","Blue Collar",30,3,"No",244460,"Yes","No",0,0,"Highly Urban/ Urban",5,"Sports Car","Commercial",21840,"no",1,2,6600,NA,"NOTNEWCAR","NOTGOODDRIVER","OWN"
"258",7277,0,0,44,"PhD",14,182620,"F","Doctor",24,2,"No",470025,"Yes","No",2,0,"Highly Urban/ Urban",18,"SUV","Private",14670,"no",10,0,0,"WORKING","NOTNEWCAR","NOTGOODDRIVER","OWN"
"259",4336,0,0,47,"Masters",9,95398,"M",NA,21,0,"No",278934,"No","No",0,0,"Highly Rural/ Rural",19,"Panel Truck","Commercial",38440,"no",4,0,0,"WORKING","NOTNEWCAR","GOODDRIVER","OWN"
"260",2834,0,0,43,"High School",13,25643,"M","Blue Collar",30,5,"No",125466,"Yes","No",2,2,"Highly Urban/ Urban",1,"Minivan","Private",12930,"no",4,1,4094,"WORKING","NEWCAR","NOTGOODDRIVER","OWN"
"261",8769,0,0,53,"Bachelors",11,42478,"F","Professional",17,4,"Yes",160747,"Yes","No",0,0,"Highly Urban/ Urban",11,"Pickup","Commercial",27060,"no",6,2,15315,"WORKING","NOTNEWCAR","NOTGOODDRIVER","OWN"
"262",2516,0,0,57,"Bachelors",12,47248,"M","Manager",32,4,"No",NA,"Yes","No",0,0,"Highly Urban/ Urban",10,"Panel Truck","Commercial",27690,"no",4,2,4179,"WORKING","NOTNEWCAR","NOTGOODDRIVER",NA
"263",5970,0,0,45,"Bachelors",13,66508,"F","Clerical",44,5,"No",0,"No","Yes",1,0,"Highly Urban/ Urban",16,"Minivan","Private",20120,"no",4,3,19698,"WORKING","NOTNEWCAR","NOTGOODDRIVER","RENT"
"264",1591,0,0,37,"High School",7,27606,"M","Manager",28,0,"No",94925,"No","No",0,0,"Highly Urban/ Urban",1,"Pickup","Private",8280,"yes",13,1,7278,"WORKING","NEWCAR","GOODDRIVER","OWN"
"265",2994,0,0,35,"Masters",15,43196,"F","Lawyer",22,0,"Yes",166154,"Yes","No",2,0,"Highly Urban/ Urban",15,"Sports Car","Private",16430,"no",3,0,0,"WORKING","NOTNEWCAR","GOODDRIVER","OWN"
"266",5997,0,0,56,"Bachelors",14,NA,"F","Professional",19,0,"No",238812,"Yes","No",0,0,"Highly Urban/ Urban",15,"Minivan","Private",14160,"no",1,0,0,"WORKING","NOTNEWCAR","GOODDRIVER","OWN"
"267",805,0,0,41,"Masters",13,78370,"F","Lawyer",42,0,"No",230394,"No","Yes",2,0,"Highly Rural/ Rural",12,"Minivan","Private",21340,"no",11,0,0,"WORKING","NOTNEWCAR","GOODDRIVER","OWN"
"268",3810,0,0,60,"<High School",13,8855,"F","Clerical",58,0,"No",123071,"Yes","No",3,2,"Highly Rural/ Rural",NA,"SUV","Private",3330,"no",10,2,22248,"WORKING",NA,"GOODDRIVER","OWN"
"269",4904,0,0,51,"Bachelors",11,103445,"M","Manager",10,2,"No",299787,"Yes","No",0,0,"Highly Urban/ Urban",14,"Panel Truck","Commercial",33570,"yes",6,0,0,"WORKING","NOTNEWCAR","NOTGOODDRIVER","OWN"
"270",6169,1,1756,33,"High School",9,26177,"M","Blue Collar",33,5,"No",113050,"No","Yes",1,0,"Highly Urban/ Urban",7,"Pickup","Commercial",6780,"no",10,3,3469,"WORKING","NOTNEWCAR","NOTGOODDRIVER","OWN"
"271",9771,0,0,40,"High School",13,32131,"M","Manager",24,0,"No",133568,"Yes","No",0,0,"Highly Urban/ Urban",1,"Pickup","Commercial",12190,"yes",4,0,0,"WORKING","NEWCAR","GOODDRIVER","OWN"
"272",9355,1,3921,49,"Bachelors",12,55015,"M","Blue Collar",23,5,"No",194953,"Yes","No",0,0,"Highly Urban/ Urban",7,"Pickup","Commercial",6400,"yes",4,2,3034,"WORKING","NOTNEWCAR","NOTGOODDRIVER","OWN"
"273",7799,0,0,49,"PhD",NA,174329,"M",NA,22,0,"No",417731,"No","No",0,0,"Highly Urban/ Urban",8,"Panel Truck","Commercial",26250,"no",7,0,0,NA,"NOTNEWCAR","GOODDRIVER","OWN"
"274",5984,1,3666.5419524,55,"High School",13,56227,"F","Blue Collar",40,7,"No",211232,"Yes","No",0,0,"Highly Urban/ Urban",1,"SUV","Commercial",7000,"no",8,1,6552,"WORKING","NEWCAR","NOTGOODDRIVER","OWN"
"275",5487,0,0,52,"Bachelors",10,58780,"M","Blue Collar",45,0,"No",0,"No","No",0,0,"Highly Urban/ Urban",5,"Minivan","Commercial",12580,"yes",4,3,1971,"WORKING","NOTNEWCAR","GOODDRIVER","RENT"
"276",3248,0,0,43,"<High School",11,24382,"M","Blue Collar",31,0,"No",168092,"Yes","No",0,0,"Highly Rural/ Rural",1,"Pickup","Commercial",8240,"yes",1,0,0,"WORKING","NEWCAR","GOODDRIVER","OWN"
"277",5576,0,0,34,"High School",0,0,"F","Student",22,2,"No",0,"No","Yes",3,0,"Highly Urban/ Urban",7,"SUV","Commercial",6790,"no",1,3,6153,"NOTWORKING","NOTNEWCAR","NOTGOODDRIVER","RENT"
"278",8074,0,0,33,"High School",14,40205,"F","Clerical",33,4,"No",0,"No","Yes",4,0,"Highly Rural/ Rural",9,"Sports Car","Private",5750,"no",4,1,3226,"WORKING","NOTNEWCAR","NOTGOODDRIVER","RENT"
"279",8322,0,0,33,"High School",NA,5206,"F","Student",25,4,"No",151478,"Yes","No",1,0,"Highly Urban/ Urban",10,"SUV","Commercial",5980,"no",6,3,7100,NA,"NOTNEWCAR","NOTGOODDRIVER","OWN"
"280",23,0,0,34,"Masters",13,34019,"F","Lawyer",27,0,"No",91875,"Yes","No",3,0,"Highly Urban/ Urban",20,"SUV","Private",8300,"no",7,0,0,"WORKING","NOTNEWCAR","GOODDRIVER","OWN"
"281",6163,0,0,33,"Bachelors",7,85030,"F","Professional",24,2,"No",290127,"Yes","No",1,0,"Highly Urban/ Urban",NA,"SUV","Private",23220,"no",4,0,0,"WORKING",NA,"NOTGOODDRIVER","OWN"
"282",5938,0,0,57,"Bachelors",15,20635,"F","Home Maker",33,0,"No",123810,"Yes","No",0,0,"Highly Rural/ Rural",1,"SUV","Private",21110,"no",6,0,0,"WORKING","NEWCAR","GOODDRIVER","OWN"
"283",1044,0,0,57,"Masters",7,93870,"M","Manager",16,0,"No",302628,"Yes","No",0,0,"Highly Urban/ Urban",14,"Van","Private",16870,"yes",11,0,0,"WORKING","NOTNEWCAR","GOODDRIVER","OWN"
"284",6720,0,0,63,"High School",13,31269,"M","Professional",42,0,"No",201461,"Yes","No",0,0,"Highly Rural/ Rural",1,"Minivan","Private",29400,"yes",6,0,0,"WORKING","NEWCAR","GOODDRIVER","OWN"
"285",8702,0,0,44,"<High School",12,51279,"M","Blue Collar",52,0,"No",200803,"Yes","No",0,0,"Highly Urban/ Urban",1,"Van","Private",21400,"yes",4,0,0,"WORKING","NEWCAR","GOODDRIVER","OWN"
"286",2040,0,0,47,"PhD",12,59164,"M",NA,20,0,"No",0,"No","No",0,0,"Highly Urban/ Urban",7,"Pickup","Commercial",6200,"yes",18,0,0,"WORKING","NOTNEWCAR","GOODDRIVER","RENT"
"287",6373,0,0,56,"Bachelors",12,137181,"F","Professional",47,1,"No",392070,"Yes","No",0,0,"Highly Rural/ Rural",7,"SUV","Private",40260,"no",4,0,0,"WORKING","NOTNEWCAR","NOTGOODDRIVER","OWN"
"288",1171,0,0,47,"High School",13,23596,"F","Home Maker",32,0,"Yes",147506,"Yes","No",0,0,"Highly Urban/ Urban",1,"SUV","Private",13250,"no",9,0,0,"WORKING","NEWCAR","GOODDRIVER","OWN"
"289",5209,1,3613,46,"High School",10,45626,"F","Blue Collar",30,0,"No",183557,"Yes","No",0,0,"Highly Urban/ Urban",1,"SUV","Private",14550,"no",4,2,4758,"WORKING","NEWCAR","GOODDRIVER","OWN"
"290",8947,0,0,49,"High School",NA,60121,"F","Blue Collar",24,2,"No",0,"No","No",0,0,"Highly Rural/ Rural",1,"Minivan","Private",21640,"no",7,0,0,NA,"NEWCAR","NOTGOODDRIVER","RENT"
"291",6016,0,0,51,"Bachelors",13,68245,"M","Professional",20,2,"No",235648,"Yes","No",0,0,"Highly Urban/ Urban",8,"Minivan","Private",1530,"no",4,0,0,"WORKING","NOTNEWCAR","NOTGOODDRIVER","OWN"
"292",4121,0,0,50,"Bachelors",0,0,"F","Home Maker",44,0,"No",88189,"Yes","No",0,0,"Highly Urban/ Urban",1,"Sports Car","Private",8370,"no",7,3,4123,"NOTWORKING","NEWCAR","GOODDRIVER","OWN"
"293",10091,0,0,36,"PhD",NA,28162,"F","Manager",8,0,"Yes",114294,"No","Yes",1,0,"Highly Urban/ Urban",12,"SUV","Private",4320,"no",10,0,0,NA,"NOTNEWCAR","GOODDRIVER","OWN"
"294",3735,1,2478,58,"Masters",13,84376,"M",NA,30,7,"No",279277,"Yes","No",0,0,"Highly Urban/ Urban",12,"Panel Truck","Commercial",22620,"yes",6,3,4497,"WORKING","NOTNEWCAR","NOTGOODDRIVER","OWN"
"295",8986,1,1363,53,"Masters",14,69335,"M",NA,27,2,"No",NA,"Yes","No",0,0,"Highly Urban/ Urban",1,"Van","Commercial",20200,"yes",1,2,5685,"WORKING","NEWCAR","NOTGOODDRIVER",NA
"296",3973,1,2392,43,"<High School",13,42554,"F","Clerical",22,2,"Yes",0,"No","Yes",4,3,"Highly Urban/ Urban",7,"SUV","Private",10060,"no",6,4,27746,"WORKING","NOTNEWCAR","NOTGOODDRIVER","RENT"
"297",3294,1,5143,40,"High School",11,27788,"M","Clerical",60,0,"No",136672,"No","Yes",2,1,"Highly Urban/ Urban",1,"Pickup","Commercial",9390,"yes",17,0,0,"WORKING","NEWCAR","GOODDRIVER","OWN"
"298",8603,1,5161,54,"High School",10,41345,"M","Blue Collar",35,6,"No",140075,"Yes","No",0,0,"Highly Urban/ Urban",1,"Minivan","Commercial",15870,"no",1,1,8877,"WORKING","NEWCAR","NOTGOODDRIVER","OWN"
"299",1581,0,0,48,"PhD",8,103751,"F","Professional",24,3,"No",347956,"Yes","No",0,0,"Highly Urban/ Urban",13,"Minivan","Private",27950,"no",6,0,0,"WORKING","NOTNEWCAR","NOTGOODDRIVER","OWN"
"300",5846,0,0,36,"Bachelors",11,101575,"M","Professional",48,1,"No",282821,"No","Yes",3,0,"Highly Urban/ Urban",11,"Minivan","Private",5100,"yes",1,3,2862,"WORKING","NOTNEWCAR","NOTGOODDRIVER","OWN"
"301",1067,0,0,38,"Masters",9,100355,"M",NA,36,1,"No",0,"No","Yes",2,0,"Highly Rural/ Rural",17,"Panel Truck","Commercial",28670,"yes",1,0,0,"WORKING","NOTNEWCAR","NOTGOODDRIVER","RENT"
"302",8718,0,0,40,"<High School",11,32060,"F","Clerical",57,0,"No",NA,"No","No",0,0,"Highly Rural/ Rural",1,"Sports Car","Private",8710,"no",10,0,0,"WORKING","NEWCAR","GOODDRIVER",NA
"303",3446,1,7261.4161036,53,"High School",15,57836,"F","Professional",73,8,"No",0,"No","No",0,0,"Highly Urban/ Urban",1,"SUV","Private",16080,"no",6,1,5935,"WORKING","NEWCAR","NOTGOODDRIVER","RENT"
"304",2307,0,0,49,"PhD",8,105594,"F","Doctor",17,3,"No",301702,"Yes","No",0,0,"Highly Urban/ Urban",1,"SUV","Private",12920,"no",13,0,0,"WORKING","NEWCAR","NOTGOODDRIVER","OWN"
"305",9848,0,0,39,"PhD",13,164047,"F","Manager",16,0,"No",421956,"No","Yes",3,0,"Highly Urban/ Urban",13,"Van","Private",39520,"no",7,0,0,"WORKING","NOTNEWCAR","GOODDRIVER","OWN"
"306",8919,0,0,37,"Bachelors",11,73941,"F","Manager",6,0,"No",265035,"No","Yes",1,0,"Highly Urban/ Urban",10,"SUV","Private",12680,"no",7,0,0,"WORKING","NOTNEWCAR","GOODDRIVER","OWN"
"307",8802,0,0,41,"Masters",11,84766,"M",NA,29,7,"No",272923,"Yes","No",0,0,"Highly Rural/ Rural",18,"Panel Truck","Commercial",30840,"yes",1,2,3487,"WORKING","NOTNEWCAR","NOTGOODDRIVER","OWN"
"308",1732,1,2474,32,"Bachelors",2,50522,"F","Blue Collar",15,6,"No",0,"No","Yes",1,0,"Highly Urban/ Urban",9,"SUV","Commercial",9750,"no",17,2,6691,"WORKING","NOTNEWCAR","NOTGOODDRIVER","RENT"
"309",144,0,0,37,"Bachelors",16,43290,"F","Blue Collar",29,0,"No",158771,"Yes","No",0,0,"Highly Urban/ Urban",10,"SUV","Private",23640,"no",1,0,0,"WORKING","NOTNEWCAR","GOODDRIVER","OWN"
"310",8784,1,3444,27,"<High School",8,16571,"F","Clerical",5,1,"No",0,"No","Yes",2,0,"Highly Urban/ Urban",NA,"Sports Car","Private",13890,"no",4,3,6465,"WORKING",NA,"NOTGOODDRIVER","RENT"
"311",2540,1,3180,46,"Bachelors",11,98572,"M","Blue Collar",27,7,"No",0,"No","No",0,0,"Highly Urban/ Urban",10,"Van","Commercial",17020,"no",1,2,4538,"WORKING","NOTNEWCAR","NOTGOODDRIVER","RENT"
"312",2044,0,0,32,"Bachelors",12,67229,"F","Manager",39,0,"No",0,"No","Yes",2,0,"Highly Urban/ Urban",13,"SUV","Private",11420,"no",6,0,0,"WORKING","NOTNEWCAR","GOODDRIVER","RENT"
"313",5470,0,0,39,"High School",13,79415,"F","Blue Collar",45,5,"Yes",228056,"Yes","No",3,0,"Highly Urban/ Urban",10,"Minivan","Commercial",13870,"no",9,1,35944,"WORKING","NOTNEWCAR","NOTGOODDRIVER","OWN"
"314",8202,0,0,52,"Bachelors",12,143073,"F","Professional",30,0,"No",404124,"Yes","No",0,0,"Highly Urban/ Urban",10,"SUV","Private",16930,"no",11,0,0,"WORKING","NOTNEWCAR","GOODDRIVER","OWN"
"315",9853,0,0,53,"Bachelors",NA,67923,"F","Manager",54,0,"No",0,"No","No",0,0,"Highly Urban/ Urban",10,"Sports Car","Private",23340,"no",1,2,21838,NA,"NOTNEWCAR","GOODDRIVER","RENT"
"316",6133,0,0,39,"<High School",12,33997,"F","Blue Collar",8,0,"No",123850,"Yes","No",0,0,"Highly Urban/ Urban",6,"Pickup","Private",22520,"no",4,0,0,"WORKING","NOTNEWCAR","GOODDRIVER","OWN"
"317",7436,1,2121,32,"Masters",11,84255,"M","Professional",50,4,"No",260802,"No","No",0,0,"Highly Urban/ Urban",20,"Minivan","Private",16050,"no",1,1,2253,"WORKING","NOTNEWCAR","NOTGOODDRIVER","OWN"
"318",7540,0,0,50,"Bachelors",13,NA,"M","Manager",46,0,"No",130264,"Yes","No",0,0,"Highly Urban/ Urban",6,"Pickup","Commercial",9200,"yes",1,0,0,"WORKING","NOTNEWCAR","GOODDRIVER","OWN"
"319",9228,1,7099,38,"High School",17,77830,"F","Blue Collar",58,2,"No",157793,"Yes","No",3,0,"Highly Urban/ Urban",11,"SUV","Commercial",11630,"no",7,0,0,"WORKING","NOTNEWCAR","NOTGOODDRIVER","OWN"
"320",4790,1,3801,32,"<High School",11,34660,"F","Clerical",18,4,"No",NA,"No","Yes",1,0,"Highly Urban/ Urban",7,"SUV","Private",17590,"no",9,1,13154,"WORKING","NOTNEWCAR","NOTGOODDRIVER",NA
"321",1024,0,0,55,"Masters",12,87793,"M","Manager",60,0,"No",285139,"Yes","No",0,0,"Highly Urban/ Urban",16,"Panel Truck","Commercial",38340,"no",4,0,0,"WORKING","NOTNEWCAR","GOODDRIVER","OWN"
"322",7246,0,0,47,"<High School",8,55987,"M","Clerical",14,2,"No",219207,"Yes","No",0,0,"Highly Rural/ Rural",1,"Van","Private",18500,"no",1,0,0,"WORKING","NEWCAR","NOTGOODDRIVER","OWN"
"323",576,1,8798,47,"Masters",NA,92543,"M",NA,52,4,"Yes",236446,"Yes","No",0,0,"Highly Urban/ Urban",9,"Panel Truck","Commercial",25250,"no",6,2,30450,NA,"NOTNEWCAR","NOTGOODDRIVER","OWN"
"324",758,1,4402,36,"PhD",0,0,"F","Home Maker",62,0,"No",68436,"No","No",0,0,"Highly Urban/ Urban",21,"Sports Car","Private",2680,"no",6,0,0,"NOTWORKING","NOTNEWCAR","GOODDRIVER","OWN"
"325",1062,0,0,50,"PhD",12,227493,"F",NA,50,3,"No",559830,"No","No",0,0,"Highly Urban/ Urban",16,"Pickup","Commercial",6500,"no",1,0,0,"WORKING","NOTNEWCAR","NOTGOODDRIVER","OWN"
"326",1729,0,0,50,"High School",8,32200,"M","Clerical",13,0,"No",190439,"Yes","No",0,0,"Highly Urban/ Urban",7,"Minivan","Private",16030,"no",1,0,0,"WORKING","NOTNEWCAR","GOODDRIVER","OWN"
"327",9450,0,0,36,"<High School",0,0,"F","Student",37,3,"No",0,"Yes","No",2,0,"Highly Rural/ Rural",1,"SUV","Private",9880,"no",5,0,0,"NOTWORKING","NEWCAR","NOTGOODDRIVER","RENT"
"328",3373,1,6597,32,"High School",11,42139,"M","Blue Collar",50,2,"No",143454,"Yes","No",1,0,"Highly Urban/ Urban",7,"Van","Commercial",22000,"yes",10,2,5396,"WORKING","NOTNEWCAR","NOTGOODDRIVER","OWN"
"329",9073,0,0,47,"<High School",10,18304,"M","Clerical",97,0,"No",99839,"Yes","No",0,0,"Highly Urban/ Urban",4,"Minivan","Private",17670,"yes",10,0,0,"WORKING","NOTNEWCAR","GOODDRIVER","OWN"
"330",3685,0,0,48,"<High School",10,34606,"M","Blue Collar",42,0,"Yes",163682,"Yes","No",0,0,"Highly Urban/ Urban",1,"Minivan","Commercial",14400,"no",1,0,0,"WORKING","NEWCAR","GOODDRIVER","OWN"
"331",1017,0,0,37,"<High School",9,591,"F","Student",42,4,"No",0,"Yes","No",2,0,"Highly Rural/ Rural",5,"Sports Car","Private",11370,"no",1,0,0,"WORKING","NOTNEWCAR","NOTGOODDRIVER","RENT"
"332",4749,0,0,44,"Bachelors",10,89607,"F","Blue Collar",70,0,"No",260398,"No","Yes",2,0,"Highly Rural/ Rural",4,"Pickup","Commercial",26080,"no",4,0,0,"WORKING","NOTNEWCAR","GOODDRIVER","OWN"
"333",5531,0,0,57,"PhD",14,82198,"F","Doctor",31,0,"No",322327,"Yes","No",0,0,"Highly Urban/ Urban",7,"Minivan","Private",19000,"no",6,0,0,"WORKING","NOTNEWCAR","GOODDRIVER","OWN"
"334",1432,0,0,41,"Bachelors",13,NA,"F","Professional",25,0,"No",240520,"No","Yes",2,0,"Highly Urban/ Urban",7,"Sports Car","Private",19600,"no",4,3,3220,"WORKING","NOTNEWCAR","GOODDRIVER","OWN"
"335",8881,0,0,44,"Masters",8,152292,"M","Manager",42,9,"No",0,"No","Yes",2,2,"Highly Urban/ Urban",19,"Minivan","Private",21130,"yes",13,3,5747,"WORKING","NOTNEWCAR","NOTGOODDRIVER","RENT"
"336",7553,0,0,47,"PhD",12,172091,"M","Manager",5,0,"No",374376,"Yes","No",1,1,"Highly Urban/ Urban",16,"Panel Truck","Commercial",23410,"yes",6,0,0,"WORKING","NOTNEWCAR","GOODDRIVER","OWN"
"337",8122,1,1993,61,"<High School",0,0,"F","Student",5,6,"No",96739,"No","No",0,0,"Highly Urban/ Urban",7,"Sports Car","Private",1500,"no",1,2,6414,"NOTWORKING","NOTNEWCAR","NOTGOODDRIVER","OWN"
"338",3176,0,0,38,"<High School",9,23864,"M","Clerical",43,2,"No",0,"No","No",0,0,"Highly Rural/ Rural",1,"Minivan","Private",15240,"no",13,0,0,"WORKING","NEWCAR","NOTGOODDRIVER","RENT"
"339",897,0,0,51,"<High School",12,15542,"F","Blue Collar",14,0,"No",0,"No","No",0,0,"Highly Rural/ Rural",1,"SUV","Private",3050,"no",10,0,0,"WORKING","NEWCAR","GOODDRIVER","RENT"
"340",2082,0,0,49,"Bachelors",16,45807,"M","Professional",7,1,"No",204460,"Yes","No",0,0,"Highly Urban/ Urban",5,"Van","Commercial",18650,"no",7,0,0,"WORKING","NOTNEWCAR","NOTGOODDRIVER","OWN"
"341",5482,0,0,46,"High School",11,52543,"M","Manager",33,0,"No",219675,"Yes","No",0,0,"Highly Urban/ Urban",1,"Van","Commercial",18450,"no",4,1,5393,"WORKING","NEWCAR","GOODDRIVER","OWN"
"342",9850,0,0,53,"Masters",11,30963,"M","Lawyer",29,2,"No",0,"No","No",0,0,"Highly Rural/ Rural",9,"Minivan","Private",14880,"yes",1,0,0,"WORKING","NOTNEWCAR","NOTGOODDRIVER","RENT"
"343",6267,0,0,48,"High School",10,49602,"M","Clerical",10,0,"No",196320,"Yes","No",0,0,"Highly Rural/ Rural",1,"Van","Commercial",17030,"yes",13,0,0,"WORKING","NEWCAR","GOODDRIVER","OWN"
"344",8285,0,0,42,"High School",10,38943,"F","Blue Collar",32,4,"No",NA,"Yes","No",0,0,"Highly Urban/ Urban",11,"SUV","Commercial",10010,"no",6,1,1008,"WORKING","NOTNEWCAR","NOTGOODDRIVER",NA
"345",7030,0,0,57,"Masters",17,61412,"M","Manager",15,0,"No",224518,"Yes","No",1,0,"Highly Urban/ Urban",1,"Minivan","Private",14040,"no",6,0,0,"WORKING","NEWCAR","GOODDRIVER","OWN"
"346",6849,1,5689,35,"PhD",14,114506,"F","Lawyer",54,2,"No",293583,"No","Yes",2,0,"Highly Urban/ Urban",16,"Minivan","Private",16450,"no",3,2,11156,"WORKING","NOTNEWCAR","NOTGOODDRIVER","OWN"
"347",4000,0,0,46,"Bachelors",10,59110,"M","Blue Collar",32,3,"No",248132,"No","No",0,0,"Highly Rural/ Rural",6,"Pickup","Commercial",12010,"yes",7,0,0,"WORKING","NOTNEWCAR","NOTGOODDRIVER","OWN"
"348",4291,0,0,38,"Masters",13,77505,"M","Lawyer",20,0,"No",201937,"Yes","No",0,0,"Highly Urban/ Urban",15,"Minivan","Private",5300,"yes",7,0,0,"WORKING","NOTNEWCAR","GOODDRIVER","OWN"
"349",95,0,0,50,"PhD",13,163296,"F","Lawyer",42,0,"No",447616,"No","No",0,0,"Highly Rural/ Rural",14,"Minivan","Private",22830,"no",1,0,0,"WORKING","NOTNEWCAR","GOODDRIVER","OWN"
"350",780,0,0,39,"Bachelors",14,46878,"F","Clerical",27,1,"No",176582,"Yes","No",3,1,"Highly Urban/ Urban",9,"SUV","Private",13740,"no",7,0,0,"WORKING","NOTNEWCAR","NOTGOODDRIVER","OWN"
"351",5615,0,0,40,"High School",10,94833,"M","Blue Collar",58,2,"No",0,"No","No",0,0,"Highly Rural/ Rural",NA,"Minivan","Private",14980,"yes",6,0,0,"WORKING",NA,"NOTGOODDRIVER","RENT"
"352",8992,0,0,50,"<High School",NA,4583,"F","Student",44,0,"No",0,"Yes","No",0,0,"Highly Urban/ Urban",1,"Pickup","Commercial",26310,"no",1,0,0,NA,"NEWCAR","GOODDRIVER","RENT"
"353",4301,1,2421,54,"Bachelors",0,0,"F","Home Maker",29,0,"No",98561,"Yes","No",0,0,"Highly Urban/ Urban",12,"SUV","Private",17700,"no",1,0,0,"NOTWORKING","NOTNEWCAR","GOODDRIVER","OWN"
"354",5300,0,0,32,"Masters",12,77021,"M",NA,55,1,"No",196820,"Yes","No",2,0,"Highly Urban/ Urban",13,"Pickup","Commercial",10400,"yes",10,0,0,"WORKING","NOTNEWCAR","NOTGOODDRIVER","OWN"
"355",1238,0,0,38,"<High School",12,NA,"M","Blue Collar",25,0,"No",125191,"Yes","No",0,0,"Highly Rural/ Rural",1,"Pickup","Private",9970,"yes",7,0,0,"WORKING","NEWCAR","GOODDRIVER","OWN"
"356",9447,1,4929,51,"Bachelors",6,42313,"F","Blue Collar",27,4,"No",0,"No","No",0,0,"Highly Urban/ Urban",NA,"SUV","Commercial",14340,"no",4,0,0,"WORKING",NA,"NOTGOODDRIVER","RENT"
"357",3150,0,0,54,"PhD",7,170110,"M",NA,42,3,"No",438186,"No","No",0,0,"Highly Urban/ Urban",22,"Panel Truck","Commercial",25040,"yes",6,0,0,"WORKING","NOTNEWCAR","NOTGOODDRIVER","OWN"
"358",1325,1,4209.4716289,39,"High School",13,22348,"F","Clerical",26,0,"No",0,"No","No",0,0,"Highly Urban/ Urban",1,"SUV","Private",13150,"no",1,1,5484,"WORKING","NEWCAR","GOODDRIVER","RENT"
"359",2336,0,0,34,"Bachelors",14,51497,"F","Clerical",51,0,"No",219049,"Yes","No",2,0,"Highly Rural/ Rural",14,"SUV","Private",15230,"no",7,0,0,"WORKING","NOTNEWCAR","GOODDRIVER","OWN"
"360",4062,1,1646,55,"<High School",12,26088,"M","Blue Collar",40,2,"No",0,"No","No",0,0,"Highly Urban/ Urban",6,"Pickup","Private",5220,"yes",7,3,2158,"WORKING","NOTNEWCAR","NOTGOODDRIVER","RENT"
"361",6763,1,3352,53,"<High School",NA,28637,"M","Clerical",48,1,"Yes",0,"No","No",0,0,"Highly Urban/ Urban",1,"Pickup","Private",6600,"yes",4,1,21606,NA,"NEWCAR","NOTGOODDRIVER","RENT"
"362",3521,0,0,51,"Bachelors",10,103745,"F","Blue Collar",20,0,"Yes",0,"No","No",0,0,"Highly Urban/ Urban",10,"Minivan","Commercial",18430,"no",3,2,4987,"WORKING","NOTNEWCAR","GOODDRIVER","RENT"
"363",1083,0,0,53,"PhD",13,173218,"M","Doctor",27,0,"No",492219,"No","No",0,0,"Highly Urban/ Urban",6,"Van","Private",18820,"no",1,0,0,"WORKING","NOTNEWCAR","GOODDRIVER","OWN"
"364",10211,0,0,35,"High School",0,0,"F","Home Maker",21,1,"Yes",88575,"No","No",0,0,"Highly Rural/ Rural",9,"SUV","Private",11580,"no",9,3,21099,"NOTWORKING","NOTNEWCAR","NOTGOODDRIVER","OWN"
"365",9286,1,3304,48,"<High School",13,34313,"M","Blue Collar",50,8,"No",NA,"Yes","No",0,0,"Highly Urban/ Urban",6,"Pickup","Commercial",10300,"yes",1,0,0,"WORKING","NOTNEWCAR","NOTGOODDRIVER",NA
"366",2665,0,0,45,"Bachelors",0,0,"F","Home Maker",9,3,"No",0,"No","No",0,0,"Highly Urban/ Urban",2,"SUV","Private",6000,"no",13,2,698,"NOTWORKING","NOTNEWCAR","NOTGOODDRIVER","RENT"
"367",2615,0,0,48,"PhD",14,100709,"F","Manager",12,1,"Yes",0,"No","No",0,0,"Highly Urban/ Urban",1,"SUV","Private",16370,"no",1,0,0,"WORKING","NEWCAR","NOTGOODDRIVER","RENT"
"368",9969,0,0,47,"Bachelors",12,36070,"F","Manager",29,4,"No",146435,"Yes","No",0,0,"Highly Urban/ Urban",15,"SUV","Private",15580,"no",1,2,4963,"WORKING","NOTNEWCAR","NOTGOODDRIVER","OWN"
"369",391,1,6143,46,"Masters",8,140766,"M",NA,41,1,"No",375813,"No","No",0,0,"Highly Urban/ Urban",13,"Panel Truck","Commercial",29220,"yes",13,0,0,"WORKING","NOTNEWCAR","NOTGOODDRIVER","OWN"
"370",7452,1,2285,49,"Masters",14,115320,"F","Lawyer",44,3,"No",311697,"Yes","No",0,0,"Highly Urban/ Urban",15,"Minivan","Private",20540,"no",6,0,0,"WORKING","NOTNEWCAR","NOTGOODDRIVER","OWN"
"371",9495,0,0,46,"<High School",9,19139,"M","Clerical",27,1,"Yes",123576,"Yes","No",0,2,"Highly Rural/ Rural",NA,"Minivan","Private",17200,"no",4,0,0,"WORKING",NA,"NOTGOODDRIVER","OWN"
"372",5015,0,0,49,"High School",0,NA,"M","Student",28,0,"No",0,"Yes","No",0,0,"Highly Rural/ Rural",1,"Minivan","Private",8870,"no",6,0,0,"NOTWORKING","NEWCAR","GOODDRIVER","RENT"
"373",4819,1,1902,45,"Bachelors",9,13996,"F","Home Maker",41,0,"Yes",NA,"Yes","No",2,1,"Highly Urban/ Urban",8,"SUV","Private",9630,"no",3,2,49148,"WORKING","NOTNEWCAR","GOODDRIVER",NA
"374",2438,0,0,47,"Bachelors",13,128481,"M","Professional",40,2,"No",0,"No","No",0,0,"Highly Urban/ Urban",12,"Minivan","Private",14350,"yes",1,0,0,"WORKING","NOTNEWCAR","NOTGOODDRIVER","RENT"
"375",7378,1,4386.1526461,19,"High School",5,3871,"F","Manager",49,4,"No",76851,"Yes","No",0,0,"Highly Urban/ Urban",5,"Sports Car","Private",3790,"no",10,0,0,"WORKING","NOTNEWCAR","NOTGOODDRIVER","OWN"
"376",4637,0,0,52,"Bachelors",NA,95833,"M","Professional",31,0,"No",298849,"Yes","No",0,0,"Highly Urban/ Urban",8,"Minivan","Private",16050,"no",4,0,0,NA,"NOTNEWCAR","GOODDRIVER","OWN"
"377",4034,0,0,52,"Masters",13,146001,"M",NA,19,2,"No",437230,"Yes","No",0,0,"Highly Urban/ Urban",15,"Van","Commercial",18630,"no",14,0,0,"WORKING","NOTNEWCAR","NOTGOODDRIVER","OWN"
"378",2914,0,0,40,"High School",13,72242,"F","Professional",14,0,"Yes",212157,"Yes","No",0,0,"Highly Urban/ Urban",10,"SUV","Private",17580,"no",1,0,0,"WORKING","NOTNEWCAR","GOODDRIVER","OWN"
"379",9654,0,0,51,"Bachelors",12,57343,"F","Clerical",30,1,"No",197113,"Yes","No",0,0,"Highly Urban/ Urban",14,"Minivan","Private",20160,"no",6,2,4577,"WORKING","NOTNEWCAR","NOTGOODDRIVER","OWN"
"380",3978,0,0,54,"High School",0,0,"F","Student",29,0,"No",0,"Yes","No",0,0,"Highly Rural/ Rural",1,"Sports Car","Private",1500,"no",4,0,0,"NOTWORKING","NEWCAR","GOODDRIVER","RENT"
"381",2551,0,0,45,"Bachelors",7,26681,"F","Professional",10,3,"No",166588,"No","Yes",2,1,"Highly Rural/ Rural",13,"SUV","Private",14560,"no",1,0,0,"WORKING","NOTNEWCAR","NOTGOODDRIVER","OWN"
"382",9280,1,1633.7258081,39,"High School",10,39512,"F","Blue Collar",29,1,"No",0,"No","No",0,0,"Highly Urban/ Urban",1,"SUV","Commercial",7660,"no",10,2,2054,"WORKING","NEWCAR","NOTGOODDRIVER","RENT"
"383",8846,0,0,42,"PhD",7,50058,"F","Doctor",12,5,"No",0,"No","No",0,0,"Highly Urban/ Urban",18,"SUV","Private",10710,"no",6,1,7488,"WORKING","NOTNEWCAR","NOTGOODDRIVER","RENT"
"384",3597,0,0,41,"High School",9,41619,"F","Professional",31,0,"No",185203,"Yes","No",0,0,"Highly Urban/ Urban",9,"SUV","Private",28360,"no",6,0,0,"WORKING","NOTNEWCAR","GOODDRIVER","OWN"
"385",4104,0,0,42,"Masters",15,74549,"M","Blue Collar",62,0,"No",0,"No","Yes",3,0,"Highly Rural/ Rural",7,"Pickup","Commercial",6530,"yes",4,0,0,"WORKING","NOTNEWCAR","GOODDRIVER","RENT"
"386",3548,0,0,47,"High School",13,55920,"M","Blue Collar",46,1,"No",213697,"No","No",0,0,"Highly Urban/ Urban",1,"Panel Truck","Commercial",26700,"yes",6,0,0,"WORKING","NEWCAR","NOTGOODDRIVER","OWN"
"387",1877,0,0,40,"Bachelors",9,59645,"M","Manager",24,2,"No",200891,"No","No",0,0,"Highly Urban/ Urban",12,"Minivan","Private",20410,"yes",6,3,27758,"WORKING","NOTNEWCAR","NOTGOODDRIVER","OWN"
"388",3148,0,0,48,"Masters",11,36225,"M","Manager",23,3,"No",153355,"No","No",0,0,"Highly Urban/ Urban",12,"Minivan","Private",9920,"no",4,0,0,"WORKING","NOTNEWCAR","NOTGOODDRIVER","OWN"
"389",7846,0,0,41,"Bachelors",0,NA,"F","Home Maker",38,3,"Yes",128528,"Yes","No",2,0,"Highly Rural/ Rural",17,"Sports Car","Private",5600,"no",4,0,0,"NOTWORKING","NOTNEWCAR","NOTGOODDRIVER","OWN"
"390",5104,1,7799.6458933,39,"<High School",12,24609,"F","Blue Collar",68,4,"No",95505,"No","Yes",1,0,"Highly Urban/ Urban",6,"Sports Car","Private",7860,"no",4,3,8455,"WORKING","NOTNEWCAR","NOTGOODDRIVER","OWN"
"391",9996,0,0,44,"High School",16,57123,"F","Blue Collar",5,0,"No",200468,"Yes","No",3,1,"Highly Urban/ Urban",1,"Minivan","Commercial",21340,"no",4,0,0,"WORKING","NEWCAR","GOODDRIVER","OWN"
"392",7090,0,0,53,"Masters",10,NA,"M",NA,29,0,"No",363560,"Yes","No",2,0,"Highly Rural/ Rural",9,"Panel Truck","Commercial",23920,"yes",4,0,0,"WORKING","NOTNEWCAR","GOODDRIVER","OWN"
"393",4594,0,0,50,"Bachelors",13,74366,"F","Professional",35,1,"No",264375,"Yes","No",0,0,"Highly Urban/ Urban",11,"SUV","Private",13940,"no",4,2,4563,"WORKING","NOTNEWCAR","NOTGOODDRIVER","OWN"
"394",6096,1,7563,25,"Bachelors",14,59896,"F","Clerical",30,4,"Yes",224977,"Yes","No",5,0,"Highly Urban/ Urban",7,"SUV","Private",11780,"no",1,2,30213,"WORKING","NOTNEWCAR","NOTGOODDRIVER","OWN"
"395",1552,0,0,34,"PhD",11,114901,"F","Doctor",19,0,"No",295872,"Yes","No",1,0,"Highly Urban/ Urban",19,"Pickup","Private",19940,"no",1,0,0,"WORKING","NOTNEWCAR","GOODDRIVER","OWN"
"396",3158,1,864,43,"Masters",8,66613,"M",NA,40,5,"No",197000,"Yes","No",0,0,"Highly Urban/ Urban",16,"Pickup","Commercial",5800,"yes",5,2,6646,"WORKING","NOTNEWCAR","NOTGOODDRIVER","OWN"
"397",405,0,0,49,"Bachelors",13,33322,"F","Blue Collar",45,4,"No",154892,"No","No",0,0,"Highly Urban/ Urban",10,"SUV","Commercial",21320,"no",4,1,36556,"WORKING","NOTNEWCAR","NOTGOODDRIVER","OWN"
"398",4857,1,3011,43,"High School",0,0,"F","Student",31,2,"No",0,"Yes","No",1,0,"Highly Rural/ Rural",8,"Sports Car","Private",1500,"no",4,3,9516,"NOTWORKING","NOTNEWCAR","NOTGOODDRIVER","RENT"
"399",5858,1,2667,47,"Masters",10,119454,"F",NA,23,0,"Yes",0,"No","No",0,0,"Highly Urban/ Urban",14,"Pickup","Commercial",27530,"no",1,0,0,"WORKING","NOTNEWCAR","GOODDRIVER","RENT"
"400",2623,0,0,30,"High School",7,NA,"F","Home Maker",5,0,"No",0,"No","Yes",1,0,"Highly Urban/ Urban",6,"SUV","Private",13180,"no",3,0,0,"WORKING","NOTNEWCAR","GOODDRIVER","RENT"
"401",9348,0,0,40,"Bachelors",13,39793,"M","Blue Collar",29,6,"No",0,"No","Yes",2,0,"Highly Urban/ Urban",NA,"Minivan","Commercial",12780,"yes",4,1,803,"WORKING",NA,"NOTGOODDRIVER","RENT"
"402",6633,0,0,47,"PhD",10,80963,"F","Doctor",35,0,"No",0,"No","No",0,0,"Highly Urban/ Urban",13,"Sports Car","Private",40240,"no",6,0,0,"WORKING","NOTNEWCAR","GOODDRIVER","RENT"
"403",4345,1,5063,63,"PhD",0,0,"F","Home Maker",33,0,"No",111129,"Yes","No",0,0,"Highly Urban/ Urban",15,"SUV","Private",24020,"no",1,0,0,"NOTWORKING","NOTNEWCAR","GOODDRIVER","OWN"
"404",4914,1,6005,45,"Bachelors",12,33648,"F","Professional",45,2,"Yes",180461,"Yes","No",0,0,"Highly Urban/ Urban",9,"Sports Car","Private",6720,"no",6,0,0,"WORKING","NOTNEWCAR","NOTGOODDRIVER","OWN"
"405",5100,0,0,42,"Bachelors",14,71417,"F","Professional",26,0,"No",282918,"Yes","No",1,1,"Highly Urban/ Urban",9,"SUV","Private",17050,"no",6,0,0,"WORKING","NOTNEWCAR","GOODDRIVER","OWN"
"406",3653,1,3263,40,"High School",11,NA,"M","Professional",6,3,"Yes",0,"No","No",0,0,"Highly Urban/ Urban",5,"Pickup","Commercial",5950,"yes",1,2,48010,"WORKING","NOTNEWCAR","NOTGOODDRIVER","RENT"
"407",1897,1,5141,58,"High School",0,0,"F","Student",9,4,"Yes",0,"Yes","No",0,0,"Highly Urban/ Urban",1,"SUV","Commercial",7300,"no",1,0,0,"NOTWORKING","NEWCAR","NOTGOODDRIVER","RENT"
"408",7587,1,3381,42,"High School",14,55328,"M","Blue Collar",32,2,"No",0,"No","Yes",2,0,"Highly Urban/ Urban",10,"Minivan","Commercial",11230,"no",7,4,7607,"WORKING","NOTNEWCAR","NOTGOODDRIVER","RENT"
"409",4252,0,0,29,"Bachelors",8,83557,"F","Professional",20,0,"No",224864,"No","Yes",1,0,"Highly Urban/ Urban",8,"Pickup","Private",33100,"no",10,0,0,"WORKING","NOTNEWCAR","GOODDRIVER","OWN"
"410",8716,0,0,48,"High School",10,39213,"M","Blue Collar",18,0,"No",180671,"Yes","No",0,0,"Highly Urban/ Urban",1,"Panel Truck","Commercial",23340,"no",13,1,979,"WORKING","NEWCAR","GOODDRIVER","OWN"
"411",8001,0,0,41,"<High School",0,0,"F","Student",18,2,"No",0,"Yes","No",0,0,"Highly Rural/ Rural",1,"SUV","Private",3550,"no",9,0,0,"NOTWORKING","NEWCAR","NOTGOODDRIVER","RENT"
"412",1483,1,16012.261907,42,"High School",17,51608,"F","Clerical",35,5,"No",169843,"Yes","No",2,2,"Highly Urban/ Urban",1,"SUV","Private",10860,"no",3,1,7497,"WORKING","NEWCAR","NOTGOODDRIVER","OWN"
"413",9471,1,4572.7346576,46,"Bachelors",0,0,"F","Home Maker",25,0,"No",0,"No","No",0,2,"Highly Urban/ Urban",12,"Pickup","Commercial",7270,"no",4,3,2280,"NOTWORKING","NOTNEWCAR","GOODDRIVER","RENT"
"414",1469,0,0,38,"High School",9,51996,"M","Professional",46,1,"No",223035,"Yes","No",0,0,"Highly Rural/ Rural",1,"Pickup","Private",11330,"no",11,4,2721,"WORKING","NEWCAR","NOTGOODDRIVER","OWN"
"415",5298,0,0,44,"High School",11,48374,"M","Blue Collar",48,0,"Yes",NA,"Yes","No",1,0,"Highly Urban/ Urban",8,"Pickup","Commercial",10740,"no",4,0,0,"WORKING","NOTNEWCAR","GOODDRIVER",NA
"416",2791,0,0,49,"Bachelors",8,47174,"F","Professional",22,0,"Yes",223083,"Yes","No",0,0,"Highly Urban/ Urban",9,"SUV","Private",14380,"no",6,0,0,"WORKING","NOTNEWCAR","GOODDRIVER","OWN"
"417",7713,1,5005,39,"Bachelors",12,70862,"M","Blue Collar",48,0,"Yes",225345,"Yes","No",0,0,"Highly Urban/ Urban",6,"Pickup","Private",4740,"yes",6,0,0,"WORKING","NOTNEWCAR","GOODDRIVER","OWN"
"418",2985,0,0,37,"<High School",0,NA,"F","Home Maker",43,0,"No",0,"Yes","No",2,0,"Highly Rural/ Rural",1,"SUV","Private",5200,"no",6,0,0,"NOTWORKING","NEWCAR","GOODDRIVER","RENT"
"419",5634,0,0,45,"High School",8,76910,"M","Blue Collar",52,0,"No",230941,"Yes","No",0,0,"Highly Urban/ Urban",6,"Minivan","Commercial",34200,"yes",7,0,0,"WORKING","NOTNEWCAR","GOODDRIVER","OWN"
"420",10047,0,0,44,"High School",17,42223,"F","Clerical",24,0,"No",134918,"Yes","No",3,0,"Highly Urban/ Urban",1,"SUV","Private",12930,"no",6,2,19731,"WORKING","NEWCAR","GOODDRIVER","OWN"
"421",2158,1,1957,44,"High School",0,NA,"F","Home Maker",39,3,"Yes",132038,"Yes","No",3,2,"Highly Urban/ Urban",1,"SUV","Private",5900,"no",6,0,0,"NOTWORKING","NEWCAR","NOTGOODDRIVER","OWN"
"422",1929,1,2664,54,"Bachelors",0,0,"F","Student",49,0,"No",0,"Yes","No",0,0,"Highly Rural/ Rural",13,"SUV","Commercial",6900,"no",14,0,0,"NOTWORKING","NOTNEWCAR","GOODDRIVER","RENT"
"423",9628,0,0,49,"High School",10,58225,"F","Professional",70,3,"No",NA,"Yes","No",0,0,"Highly Urban/ Urban",8,"SUV","Private",12580,"no",6,1,2856,"WORKING","NOTNEWCAR","NOTGOODDRIVER",NA
"424",6632,0,0,25,"High School",11,46671,"F","Clerical",29,0,"No",125555,"Yes","No",3,0,"Highly Urban/ Urban",NA,"Minivan","Private",22140,"no",6,1,7326,"WORKING",NA,"GOODDRIVER","OWN"
"425",1406,1,3643,37,"Bachelors",7,89343,"F","Professional",64,0,"No",251826,"No","Yes",2,1,"Highly Urban/ Urban",8,"Sports Car","Private",14130,"no",1,2,6265,"WORKING","NOTNEWCAR","GOODDRIVER","OWN"
"426",8478,1,2611,36,"High School",8,34503,"M","Blue Collar",16,0,"Yes",189551,"Yes","No",3,2,"Highly Urban/ Urban",1,"Minivan","Commercial",23790,"yes",11,2,39271,"WORKING","NEWCAR","GOODDRIVER","OWN"
"427",6369,0,0,35,"Bachelors",12,67075,"M","Manager",7,0,"No",216740,"Yes","No",1,0,"Highly Urban/ Urban",16,"Panel Truck","Commercial",28680,"no",1,0,0,"WORKING","NOTNEWCAR","GOODDRIVER","OWN"
"428",2007,0,0,33,"<High School",0,0,"F","Student",31,1,"No",0,"Yes","No",1,0,"Highly Urban/ Urban",1,"Pickup","Private",16080,"no",6,2,2942,"NOTWORKING","NEWCAR","NOTGOODDRIVER","RENT"
"429",3512,0,0,46,"High School",12,34671,"F","Clerical",57,0,"No",0,"No","No",0,0,"Highly Rural/ Rural",7,"Minivan","Private",17420,"no",6,0,0,"WORKING","NOTNEWCAR","GOODDRIVER","RENT"
"430",7035,0,0,45,"Masters",14,116603,"F","Manager",37,0,"Yes",339740,"Yes","No",0,0,"Highly Urban/ Urban",14,"Minivan","Private",23860,"no",1,0,0,"WORKING","NOTNEWCAR","GOODDRIVER","OWN"
"431",8673,0,0,41,"PhD",8,192839,"M","Doctor",27,0,"No",0,"No","No",0,0,"Highly Urban/ Urban",NA,"Minivan","Private",7340,"yes",10,0,0,"WORKING",NA,"GOODDRIVER","RENT"
"432",2054,0,0,57,"Masters",12,61754,"F","Lawyer",23,0,"No",0,"No","No",0,0,"Highly Rural/ Rural",9,"SUV","Private",7680,"no",4,0,0,"WORKING","NOTNEWCAR","GOODDRIVER","RENT"
"433",8998,0,0,47,"<High School",7,18789,"M","Blue Collar",20,0,"No",146055,"Yes","No",0,0,"Highly Urban/ Urban",1,"Pickup","Private",12040,"no",4,0,0,"WORKING","NEWCAR","GOODDRIVER","OWN"
"434",3051,0,0,47,"Masters",14,72853,"M",NA,5,0,"No",217443,"Yes","No",0,0,"Highly Urban/ Urban",14,"Pickup","Commercial",6200,"no",11,3,5176,"WORKING","NOTNEWCAR","GOODDRIVER","OWN"
"435",6953,0,0,48,"PhD",10,111305,"F","Doctor",59,3,"No",0,"No","No",0,0,"Highly Urban/ Urban",18,"Sports Car","Private",8260,"no",4,3,6682,"WORKING","NOTNEWCAR","NOTGOODDRIVER","RENT"
"436",8918,0,0,40,"Bachelors",14,53456,"F","Professional",19,2,"No",166725,"Yes","No",3,1,"Highly Urban/ Urban",12,"SUV","Private",15350,"no",6,1,9724,"WORKING","NOTNEWCAR","NOTGOODDRIVER","OWN"
"437",2634,0,0,46,"PhD",9,95662,"M",NA,21,5,"No",254898,"Yes","No",0,0,"Highly Urban/ Urban",10,"Panel Truck","Commercial",25490,"no",1,3,4796,"WORKING","NOTNEWCAR","NOTGOODDRIVER","OWN"
"438",6023,1,10957.504295,41,"High School",13,65885,"F","Blue Collar",51,4,"Yes",0,"No","Yes",2,1,"Highly Urban/ Urban",8,"SUV","Commercial",12190,"no",1,0,0,"WORKING","NOTNEWCAR","NOTGOODDRIVER","RENT"
"439",6168,0,0,53,"High School",12,51435,"M","Professional",33,3,"No",0,"No","No",0,0,"Highly Urban/ Urban",1,"Panel Truck","Commercial",29260,"yes",10,1,4099,"WORKING","NEWCAR","NOTGOODDRIVER","RENT"
"440",877,0,0,55,"Masters",10,7231,"F","Lawyer",21,2,"Yes",82289,"Yes","No",0,0,"Highly Urban/ Urban",12,"SUV","Private",2220,"no",4,1,26871,"WORKING","NOTNEWCAR","NOTGOODDRIVER","OWN"
"441",4403,1,4582,52,"Bachelors",11,38442,"F","Blue Collar",25,0,"No",175653,"No","No",0,0,"Highly Urban/ Urban",1,"SUV","Commercial",14880,"no",4,0,0,"WORKING","NEWCAR","GOODDRIVER","OWN"
"442",6606,0,0,42,"<High School",12,73661,"F","Blue Collar",45,0,"No",0,"No","Yes",2,0,"Highly Rural/ Rural",1,"Minivan","Commercial",25940,"no",4,0,0,"WORKING","NEWCAR","GOODDRIVER","RENT"
"443",8789,0,0,40,"<High School",12,37076,"F","Home Maker",42,1,"No",0,"No","No",0,0,"Highly Rural/ Rural",1,"Minivan","Private",31430,"no",7,0,0,"WORKING","NEWCAR","NOTGOODDRIVER","RENT"
"444",7608,0,0,42,"PhD",13,126762,"F","Doctor",54,0,"No",0,"No","Yes",1,0,"Highly Urban/ Urban",13,"SUV","Private",18380,"no",10,3,5279,"WORKING","NOTNEWCAR","GOODDRIVER","RENT"
"445",2907,1,5727,42,"<High School",10,NA,"F","Home Maker",41,1,"No",51401,"Yes","No",0,0,"Highly Urban/ Urban",9,"Sports Car","Private",5800,"no",7,1,8834,"WORKING","NOTNEWCAR","NOTGOODDRIVER","OWN"
"446",6723,0,0,33,"Bachelors",NA,114322,"M","Blue Collar",14,3,"No",301530,"Yes","No",2,0,"Highly Urban/ Urban",8,"Van","Commercial",17190,"yes",1,2,10786,NA,"NOTNEWCAR","NOTGOODDRIVER","OWN"
"447",853,1,5834.7275625,57,"<High School",0,0,"F","Home Maker",36,8,"No",83843,"Yes","No",1,0,"Highly Urban/ Urban",1,"SUV","Private",9180,"no",1,2,2933,"NOTWORKING","NEWCAR","NOTGOODDRIVER","OWN"
"448",5153,0,0,45,"Bachelors",0,0,"F","Student",50,1,"No",0,"No","No",0,0,"Highly Urban/ Urban",10,"Minivan","Commercial",25550,"no",3,0,0,"NOTWORKING","NOTNEWCAR","NOTGOODDRIVER","RENT"
"449",10149,1,3999,53,"Masters",7,10232,"F","Home Maker",33,1,"No",129979,"Yes","No",0,0,"Highly Urban/ Urban",18,"SUV","Private",7820,"no",1,0,0,"WORKING","NOTNEWCAR","NOTGOODDRIVER","OWN"
"450",1521,0,0,70,"High School",16,62304,"F","Professional",5,5,"No",214707,"Yes","No",0,0,"Highly Urban/ Urban",1,"Sports Car","Private",24710,"no",6,4,4346,"WORKING","NEWCAR","NOTGOODDRIVER","OWN"
"451",4937,0,0,36,"<High School",11,10568,"F","Clerical",22,0,"No",0,"No","No",0,0,"Highly Urban/ Urban",3,"SUV","Private",5170,"no",1,0,0,"WORKING","NOTNEWCAR","GOODDRIVER","RENT"
"452",5472,1,23910.116304,42,"Masters",12,98515,"F","Lawyer",22,4,"No",289187,"No","Yes",1,0,"Highly Urban/ Urban",17,"SUV","Private",15990,"no",1,1,4208,"WORKING","NOTNEWCAR","NOTGOODDRIVER","OWN"
"453",7362,0,0,51,"High School",9,44977,"M","Blue Collar",41,0,"No",NA,"Yes","No",0,0,"Highly Urban/ Urban",1,"Minivan","Commercial",13540,"yes",1,1,29883,"WORKING","NEWCAR","GOODDRIVER",NA
"454",7357,0,0,40,"<High School",12,41002,"F","Clerical",47,0,"No",0,"No","Yes",1,0,"Highly Rural/ Rural",1,"SUV","Private",12090,"no",1,0,0,"WORKING","NEWCAR","GOODDRIVER","RENT"
"455",7298,0,0,45,"<High School",14,20094,"M","Clerical",30,0,"No",125307,"Yes","No",2,0,"Highly Urban/ Urban",1,"Panel Truck","Commercial",23470,"yes",4,1,5162,"WORKING","NEWCAR","GOODDRIVER","OWN"
"456",7490,0,0,34,"High School",10,21868,"F","Clerical",42,0,"No",74301,"Yes","No",1,0,"Highly Urban/ Urban",5,"Minivan","Private",9030,"no",1,0,0,"WORKING","NOTNEWCAR","GOODDRIVER","OWN"
"457",5265,1,2572,46,"<High School",13,9494,"F","Home Maker",38,0,"No",0,"No","No",0,0,"Highly Urban/ Urban",1,"Sports Car","Private",2450,"no",5,0,0,"WORKING","NEWCAR","GOODDRIVER","RENT"
"458",8076,0,0,55,"Masters",15,124833,"M","Lawyer",40,0,"No",400395,"Yes","No",0,0,"Highly Urban/ Urban",19,"Minivan","Private",37360,"yes",1,0,0,"WORKING","NOTNEWCAR","GOODDRIVER","OWN"
"459",2058,0,0,57,"Masters",8,98693,"F","Professional",14,0,"No",309069,"Yes","No",0,0,"Highly Urban/ Urban",19,"Minivan","Private",17070,"no",4,0,0,"WORKING","NOTNEWCAR","GOODDRIVER","OWN"
"460",628,0,0,50,"<High School",12,26748,"M","Blue Collar",25,2,"No",122059,"No","No",0,0,"Highly Urban/ Urban",6,"Panel Truck","Commercial",31770,"no",6,3,7808,"WORKING","NOTNEWCAR","NOTGOODDRIVER","OWN"
"461",2878,0,0,34,"Masters",NA,102480,"M","Professional",30,1,"No",277568,"Yes","No",3,0,"Highly Urban/ Urban",12,"Minivan","Private",24360,"no",6,0,0,NA,"NOTNEWCAR","NOTGOODDRIVER","OWN"
"462",423,0,0,38,"Bachelors",8,81447,"M","Blue Collar",36,0,"No",275745,"Yes","No",0,0,"Highly Rural/ Rural",9,"Minivan","Commercial",15820,"yes",6,0,0,"WORKING","NOTNEWCAR","GOODDRIVER","OWN"
"463",5439,1,2956,32,"Masters",12,NA,"M",NA,37,0,"No",0,"No","Yes",1,0,"Highly Urban/ Urban",15,"Pickup","Private",9060,"yes",10,0,0,"WORKING","NOTNEWCAR","GOODDRIVER","RENT"
"464",6277,0,0,56,"Bachelors",14,69098,"F","Professional",21,0,"No",224600,"Yes","No",2,0,"Highly Urban/ Urban",11,"SUV","Private",11800,"no",1,0,0,"WORKING","NOTNEWCAR","GOODDRIVER","OWN"
"465",3004,0,0,48,"Masters",13,120483,"M","Professional",60,0,"No",358643,"Yes","No",0,0,"Highly Urban/ Urban",12,"Minivan","Private",14110,"yes",7,0,0,"WORKING","NOTNEWCAR","GOODDRIVER","OWN"
"466",5600,1,6835,55,"High School",10,40683,"F","Blue Collar",32,3,"No",163194,"Yes","No",0,0,"Highly Urban/ Urban",9,"Sports Car","Commercial",5570,"no",13,0,0,"WORKING","NOTNEWCAR","NOTGOODDRIVER","OWN"
"467",2929,0,0,34,"Bachelors",10,71328,"F","Manager",32,0,"No",203768,"No","Yes",1,0,"Highly Urban/ Urban",15,"Minivan","Private",21320,"yes",6,0,0,"WORKING","NOTNEWCAR","GOODDRIVER","OWN"
"468",6740,1,2489,41,"Masters",10,136585,"M","Lawyer",47,0,"No",0,"No","No",0,0,"Highly Urban/ Urban",10,"Van","Private",22060,"no",13,3,1685,"WORKING","NOTNEWCAR","GOODDRIVER","RENT"
"469",7103,0,0,50,"High School",12,45750,"F","Blue Collar",49,0,"No",187982,"Yes","No",0,0,"Highly Urban/ Urban",1,"Pickup","Commercial",19490,"no",10,0,0,"WORKING","NEWCAR","GOODDRIVER","OWN"
"470",7636,0,0,54,"Bachelors",14,70632,"M","Professional",56,4,"No",250307,"Yes","No",0,0,"Highly Rural/ Rural",16,"Minivan","Private",19750,"yes",4,0,0,"WORKING","NOTNEWCAR","NOTGOODDRIVER","OWN"
"471",8822,0,0,33,"Masters",12,79726,"F","Professional",63,5,"Yes",223536,"Yes","No",0,0,"Highly Urban/ Urban",11,"Minivan","Private",18960,"no",1,1,27679,"WORKING","NOTNEWCAR","NOTGOODDRIVER","OWN"
"472",5501,0,0,37,"Bachelors",10,91613,"M","Blue Collar",57,0,"No",286674,"No","No",0,0,"Highly Rural/ Rural",13,"Minivan","Commercial",14360,"yes",7,0,0,"WORKING","NOTNEWCAR","GOODDRIVER","OWN"
"473",1160,0,0,55,"Masters",NA,83090,"M",NA,20,0,"No",202465,"Yes","No",0,0,"Highly Urban/ Urban",17,"Panel Truck","Commercial",24750,"yes",4,0,0,NA,"NOTNEWCAR","GOODDRIVER","OWN"
"474",3522,0,0,38,"High School",12,29699,"F","Clerical",57,0,"Yes",136999,"Yes","No",2,2,"Highly Urban/ Urban",10,"Minivan","Private",15500,"no",7,0,0,"WORKING","NOTNEWCAR","GOODDRIVER","OWN"
"475",8877,0,0,60,"High School",9,75499,"F","Professional",19,0,"No",258131,"Yes","No",0,0,"Highly Urban/ Urban",1,"Pickup","Commercial",34480,"no",1,0,0,"WORKING","NEWCAR","GOODDRIVER","OWN"
"476",3411,0,0,59,"High School",18,79178,"F","Blue Collar",87,0,"No",290382,"Yes","No",4,4,"Highly Rural/ Rural",1,"Pickup","Commercial",16620,"no",6,0,0,"WORKING","NEWCAR","GOODDRIVER","OWN"
"477",247,0,0,47,"High School",12,94774,"M","Manager",43,1,"No",254197,"No","No",0,0,"Highly Urban/ Urban",13,"Van","Commercial",21070,"no",1,1,3460,"WORKING","NOTNEWCAR","NOTGOODDRIVER","OWN"
"478",2388,0,0,35,"Bachelors",11,77486,"M","Manager",28,0,"No",232815,"No","Yes",1,0,"Highly Urban/ Urban",1,"Minivan","Private",13690,"yes",1,0,0,"WORKING","NEWCAR","GOODDRIVER","OWN"
"479",4755,0,0,43,"High School",8,51566,"M","Blue Collar",31,0,"No",175137,"Yes","No",0,0,"Highly Urban/ Urban",1,"Minivan","Commercial",16010,"yes",1,0,0,"WORKING","NEWCAR","GOODDRIVER","OWN"
"480",6596,0,0,41,"High School",11,88426,"F","Blue Collar",9,2,"No",0,"No","Yes",3,0,"Highly Rural/ Rural",5,"SUV","Commercial",14440,"no",4,3,6193,"WORKING","NOTNEWCAR","NOTGOODDRIVER","RENT"
"481",6766,0,0,50,"PhD",12,7971,"F","Home Maker",5,0,"No",0,"No","No",0,0,"Highly Rural/ Rural",NA,"Pickup","Private",17250,"no",6,0,0,"WORKING",NA,"GOODDRIVER","RENT"
"482",9989,0,0,37,"High School",12,28196,"F","Blue Collar",24,2,"No",108109,"Yes","No",3,1,"Highly Urban/ Urban",4,"Minivan","Commercial",21430,"no",15,0,0,"WORKING","NOTNEWCAR","NOTGOODDRIVER","OWN"
"483",6171,0,0,49,"Bachelors",8,70135,"F","Manager",17,4,"No",237554,"Yes","No",0,0,"Highly Urban/ Urban",10,"SUV","Private",8510,"no",9,0,0,"WORKING","NOTNEWCAR","NOTGOODDRIVER","OWN"
"484",9297,1,2582,48,"High School",13,70682,"F","Blue Collar",25,0,"Yes",263905,"Yes","No",0,0,"Highly Urban/ Urban",1,"Pickup","Commercial",27800,"no",4,0,0,"WORKING","NEWCAR","GOODDRIVER","OWN"
"485",10076,0,0,41,"Bachelors",8,NA,"F","Professional",17,2,"No",NA,"No","No",0,0,"Highly Urban/ Urban",6,"SUV","Private",10420,"no",1,3,7245,"WORKING","NOTNEWCAR","NOTGOODDRIVER",NA
"486",741,0,0,46,"Bachelors",11,89657,"F","Professional",39,1,"No",267839,"No","No",0,0,"Highly Urban/ Urban",10,"SUV","Private",11070,"no",1,0,0,"WORKING","NOTNEWCAR","NOTGOODDRIVER","OWN"
"487",2733,0,0,49,"Masters",14,70588,"F","Lawyer",19,2,"No",0,"No","Yes",1,1,"Highly Urban/ Urban",17,"Minivan","Private",13460,"no",11,3,7079,"WORKING","NOTNEWCAR","NOTGOODDRIVER","RENT"
"488",5101,1,1833,39,"<High School",12,12332,"M","Clerical",20,0,"No",98982,"No","Yes",3,0,"Highly Urban/ Urban",1,"Pickup","Commercial",8450,"yes",6,2,7262,"WORKING","NEWCAR","GOODDRIVER","OWN"
"489",3288,0,0,39,"<High School",6,33893,"F","Blue Collar",39,7,"No",210190,"Yes","No",0,0,"Highly Urban/ Urban",1,"SUV","Private",10650,"no",1,2,20631,"WORKING","NEWCAR","NOTGOODDRIVER","OWN"
"490",6861,1,4506,45,"Masters",17,35457,"M",NA,51,2,"No",203037,"Yes","No",3,0,"Highly Urban/ Urban",16,"Van","Commercial",19680,"no",3,1,6279,"WORKING","NOTNEWCAR","NOTGOODDRIVER","OWN"
"491",9211,0,0,45,"<High School",8,55060,"M","Blue Collar",52,0,"No",0,"No","No",0,0,"Highly Rural/ Rural",8,"Panel Truck","Commercial",27660,"no",6,0,0,"WORKING","NOTNEWCAR","GOODDRIVER","RENT"
"492",142,1,8671,38,"<High School",12,37580,"F","Clerical",36,0,"No",173495,"Yes","No",1,1,"Highly Urban/ Urban",1,"SUV","Private",5260,"no",7,2,867,"WORKING","NEWCAR","GOODDRIVER","OWN"
"493",278,0,0,45,"Masters",0,0,"F","Home Maker",27,1,"No",69743,"Yes","No",2,1,"Highly Urban/ Urban",11,"Minivan","Private",14300,"no",1,1,9062,"NOTWORKING","NOTNEWCAR","NOTGOODDRIVER","OWN"
"494",514,0,0,44,"Bachelors",9,65134,"M","Blue Collar",15,0,"No",241443,"Yes","No",2,2,"Highly Rural/ Rural",NA,"Minivan","Commercial",12410,"no",6,0,0,"WORKING",NA,"GOODDRIVER","OWN"
"495",3858,1,4522,35,"High School",13,58228,"F","Professional",30,0,"No",0,"No","Yes",2,0,"Highly Urban/ Urban",7,"Minivan","Private",12460,"no",4,0,0,"WORKING","NOTNEWCAR","GOODDRIVER","RENT"
"496",3821,0,0,40,"<High School",10,15519,"M","Clerical",22,3,"No",158830,"No","Yes",3,0,"Highly Rural/ Rural",1,"Pickup","Private",7050,"no",6,0,0,"WORKING","NEWCAR","NOTGOODDRIVER","OWN"
"497",5323,0,0,48,"High School",14,28408,"F","Home Maker",33,3,"No",181535,"Yes","No",0,0,"Highly Urban/ Urban",1,"SUV","Private",14280,"no",7,0,0,"WORKING","NEWCAR","NOTGOODDRIVER","OWN"
"498",5458,0,0,39,"High School",8,71950,"F","Blue Collar",21,2,"No",228455,"Yes","No",2,0,"Highly Urban/ Urban",11,"SUV","Commercial",3070,"no",3,1,13656,"WORKING","NOTNEWCAR","NOTGOODDRIVER","OWN"
"499",5687,1,744,35,"High School",11,55637,"F","Blue Collar",38,0,"No",0,"No","Yes",2,0,"Highly Urban/ Urban",1,"Sports Car","Commercial",22780,"no",1,0,0,"WORKING","NEWCAR","GOODDRIVER","RENT"
"500",5088,0,0,41,"Bachelors",10,90319,"M","Blue Collar",5,2,"No",276968,"Yes","No",2,1,"Highly Rural/ Rural",15,"Pickup","Commercial",10530,"no",10,0,0,"WORKING","NOTNEWCAR","NOTGOODDRIVER","OWN"
